,Date,Open,High,Low,Close,Adj Close,Volume
22231,2016-07-07,2100.419922,2109.080078,2089.389893,2097.899902,2097.899902,3604550000
22232,2016-07-08,2106.969971,2131.709961,2106.969971,2129.899902,2129.899902,3607500000
22233,2016-07-11,2131.719971,2143.159912,2131.719971,2137.159912,2137.159912,3253340000
22234,2016-07-12,2139.5,2155.399902,2139.5,2152.139893,2152.139893,4097820000
22235,2016-07-13,2153.810059,2156.449951,2146.209961,2152.429932,2152.429932,3502320000
22236,2016-07-14,2157.879883,2168.98999,2157.879883,2163.75,2163.75,3465610000
22237,2016-07-15,2165.129883,2169.050049,2155.790039,2161.73999,2161.73999,3122600000
22238,2016-07-18,2162.040039,2168.350098,2159.629883,2166.889893,2166.889893,3009310000
22239,2016-07-19,2163.790039,2164.629883,2159.01001,2163.780029,2163.780029,2968340000
22240,2016-07-20,2166.100098,2175.629883,2164.889893,2173.02002,2173.02002,3211860000
22241,2016-07-21,2172.909912,2174.560059,2159.75,2165.169922,2165.169922,3438900000
22242,2016-07-22,2166.469971,2175.110107,2163.23999,2175.030029,2175.030029,3023280000
22243,2016-07-25,2173.709961,2173.709961,2161.949951,2168.47998,2168.47998,3057240000
22244,2016-07-26,2168.969971,2173.540039,2160.179932,2169.179932,2169.179932,3442350000
22245,2016-07-27,2169.810059,2174.97998,2159.070068,2166.580078,2166.580078,3995500000
22246,2016-07-28,2166.050049,2172.850098,2159.73999,2170.060059,2170.060059,3664240000
22247,2016-07-29,2168.830078,2177.090088,2163.48999,2173.600098,2173.600098,4038840000
22248,2016-08-01,2173.149902,2178.290039,2166.209961,2170.840088,2170.840088,3505990000
22249,2016-08-02,2169.939941,2170.199951,2147.580078,2157.030029,2157.030029,3848750000
22250,2016-08-03,2156.810059,2163.790039,2152.560059,2163.790039,2163.790039,3786530000
22251,2016-08-04,2163.51001,2168.189941,2159.070068,2164.25,2164.25,3709200000
22252,2016-08-05,2168.790039,2182.870117,2168.790039,2182.870117,2182.870117,3663070000
22253,2016-08-08,2183.76001,2185.439941,2177.850098,2180.889893,2180.889893,3327550000
22254,2016-08-09,2182.23999,2187.659912,2178.610107,2181.73999,2181.73999,3334300000
22255,2016-08-10,2182.810059,2183.409912,2172.0,2175.48999,2175.48999,3254950000
22256,2016-08-11,2177.969971,2188.449951,2177.969971,2185.790039,2185.790039,3423160000
22257,2016-08-12,2183.73999,2186.280029,2179.419922,2184.050049,2184.050049,3000660000
22258,2016-08-15,2186.080078,2193.810059,2186.080078,2190.149902,2190.149902,3078530000
22259,2016-08-16,2186.23999,2186.23999,2178.139893,2178.149902,2178.149902,3196400000
22260,2016-08-17,2177.840088,2183.080078,2168.5,2182.219971,2182.219971,3388910000
22261,2016-08-18,2181.899902,2187.030029,2180.459961,2187.02002,2187.02002,3300570000
22262,2016-08-19,2184.23999,2185.0,2175.129883,2183.870117,2183.870117,3084800000
22263,2016-08-22,2181.580078,2185.149902,2175.959961,2182.639893,2182.639893,2777550000
22264,2016-08-23,2187.810059,2193.419922,2186.800049,2186.899902,2186.899902,3041490000
22265,2016-08-24,2185.090088,2186.659912,2171.25,2175.439941,2175.439941,3148280000
22266,2016-08-25,2173.290039,2179.0,2169.73999,2172.469971,2172.469971,2969310000
22267,2016-08-26,2175.100098,2187.939941,2160.389893,2169.040039,2169.040039,3342340000
22268,2016-08-29,2170.189941,2183.47998,2170.189941,2180.379883,2180.379883,2654780000
22269,2016-08-30,2179.449951,2182.27002,2170.409912,2176.120117,2176.120117,3006800000
22270,2016-08-31,2173.560059,2173.790039,2161.350098,2170.949951,2170.949951,3766390000
22271,2016-09-01,2171.330078,2173.560059,2157.090088,2170.860107,2170.860107,3392120000
22272,2016-09-02,2177.48999,2184.870117,2173.590088,2179.97998,2179.97998,3091120000
22273,2016-09-06,2181.610107,2186.570068,2175.100098,2186.47998,2186.47998,3447650000
22274,2016-09-07,2185.169922,2187.870117,2179.070068,2186.159912,2186.159912,3319420000
22275,2016-09-08,2182.76001,2184.939941,2177.48999,2181.300049,2181.300049,3727840000
22276,2016-09-09,2169.080078,2169.080078,2127.810059,2127.810059,2127.810059,4233960000
22277,2016-09-12,2120.860107,2163.300049,2119.120117,2159.040039,2159.040039,4010480000
22278,2016-09-13,2150.469971,2150.469971,2120.27002,2127.02002,2127.02002,4141670000
22279,2016-09-14,2127.860107,2141.330078,2119.899902,2125.77002,2125.77002,3664100000
22280,2016-09-15,2125.360107,2151.310059,2122.360107,2147.26001,2147.26001,3373720000
22281,2016-09-16,2146.47998,2146.47998,2131.199951,2139.159912,2139.159912,5014360000
22282,2016-09-19,2143.98999,2153.610107,2135.909912,2139.120117,2139.120117,3163000000
22283,2016-09-20,2145.939941,2150.800049,2139.169922,2139.76001,2139.76001,3140730000
22284,2016-09-21,2144.580078,2165.110107,2139.570068,2163.120117,2163.120117,3712090000
22285,2016-09-22,2170.939941,2179.98999,2170.939941,2177.179932,2177.179932,3552830000
22286,2016-09-23,2173.290039,2173.75,2163.969971,2164.689941,2164.689941,3317190000
22287,2016-09-26,2158.540039,2158.540039,2145.040039,2146.100098,2146.100098,3216170000
22288,2016-09-27,2146.040039,2161.129883,2141.550049,2159.929932,2159.929932,3437770000
22289,2016-09-28,2161.850098,2172.399902,2151.790039,2171.370117,2171.370117,3891460000
22290,2016-09-29,2168.899902,2172.669922,2145.199951,2151.129883,2151.129883,4249220000
22291,2016-09-30,2156.51001,2175.300049,2156.51001,2168.27002,2168.27002,4173340000
22292,2016-10-03,2164.330078,2164.409912,2154.77002,2161.199951,2161.199951,3137550000
22293,2016-10-04,2163.370117,2165.459961,2144.01001,2150.48999,2150.48999,3750890000
22294,2016-10-05,2155.149902,2163.949951,2155.149902,2159.72998,2159.72998,3906550000
22295,2016-10-06,2158.219971,2162.929932,2150.280029,2160.77002,2160.77002,3461550000
22296,2016-10-07,2164.189941,2165.860107,2144.850098,2153.73999,2153.73999,3619890000
22297,2016-10-10,2160.389893,2169.600098,2160.389893,2163.659912,2163.659912,2916550000
22298,2016-10-11,2161.350098,2161.560059,2128.840088,2136.72998,2136.72998,3438270000
22299,2016-10-12,2137.669922,2145.360107,2132.77002,2139.179932,2139.179932,2977100000
22300,2016-10-13,2130.26001,2138.189941,2114.719971,2132.550049,2132.550049,3580450000
22301,2016-10-14,2139.679932,2149.189941,2132.97998,2132.97998,2132.97998,3228150000
22302,2016-10-17,2132.949951,2135.610107,2124.429932,2126.5,2126.5,2830390000
22303,2016-10-18,2138.310059,2144.379883,2135.48999,2139.600098,2139.600098,3170000000
22304,2016-10-19,2140.810059,2148.439941,2138.149902,2144.290039,2144.290039,3362670000
22305,2016-10-20,2142.51001,2147.179932,2133.439941,2141.340088,2141.340088,3337170000
22306,2016-10-21,2139.429932,2142.629883,2130.090088,2141.159912,2141.159912,3448850000
22307,2016-10-24,2148.5,2154.790039,2146.909912,2151.330078,2151.330078,3357320000
22308,2016-10-25,2149.719971,2151.439941,2141.929932,2143.159912,2143.159912,3751340000
22309,2016-10-26,2136.969971,2145.72998,2131.590088,2139.429932,2139.429932,3775200000
22310,2016-10-27,2144.060059,2147.129883,2132.52002,2133.040039,2133.040039,4204830000
22311,2016-10-28,2132.22998,2140.719971,2119.360107,2126.409912,2126.409912,4019510000
22312,2016-10-31,2129.780029,2133.25,2125.530029,2126.149902,2126.149902,3922400000
22313,2016-11-01,2128.679932,2131.449951,2097.850098,2111.719971,2111.719971,4532160000
22314,2016-11-02,2109.429932,2111.76001,2094.0,2097.939941,2097.939941,4248580000
22315,2016-11-03,2098.800049,2102.560059,2085.22998,2088.659912,2088.659912,3886740000
22316,2016-11-04,2083.790039,2099.070068,2083.790039,2085.179932,2085.179932,3837860000
22317,2016-11-07,2100.590088,2132.0,2100.590088,2131.52002,2131.52002,3736060000
22318,2016-11-08,2129.919922,2146.870117,2123.560059,2139.560059,2139.560059,3916930000
22319,2016-11-09,2131.560059,2170.100098,2125.350098,2163.26001,2163.26001,6264150000
22320,2016-11-10,2167.48999,2182.300049,2151.169922,2167.47998,2167.47998,6451640000
22321,2016-11-11,2162.709961,2165.919922,2152.48999,2164.449951,2164.449951,4988050000
22322,2016-11-14,2165.639893,2171.360107,2156.080078,2164.199951,2164.199951,5367200000
22323,2016-11-15,2168.290039,2180.840088,2166.379883,2180.389893,2180.389893,4543860000
22324,2016-11-16,2177.530029,2179.219971,2172.199951,2176.939941,2176.939941,3830590000
22325,2016-11-17,2178.610107,2188.060059,2176.649902,2187.120117,2187.120117,3809160000
22326,2016-11-18,2186.850098,2189.889893,2180.379883,2181.899902,2181.899902,3572400000
22327,2016-11-21,2186.429932,2198.699951,2186.429932,2198.179932,2198.179932,3607010000
22328,2016-11-22,2201.560059,2204.800049,2194.51001,2202.939941,2202.939941,3957940000
22329,2016-11-23,2198.550049,2204.719971,2194.51001,2204.719971,2204.719971,3418640000
22330,2016-11-25,2206.27002,2213.350098,2206.27002,2213.350098,2213.350098,1584600000
22331,2016-11-28,2210.209961,2211.139893,2200.360107,2201.719971,2201.719971,3505650000
22332,2016-11-29,2200.76001,2210.459961,2198.149902,2204.659912,2204.659912,3706560000
22333,2016-11-30,2204.969971,2214.100098,2198.810059,2198.810059,2198.810059,5533980000
22334,2016-12-01,2200.169922,2202.600098,2187.439941,2191.080078,2191.080078,5063740000
22335,2016-12-02,2191.120117,2197.949951,2188.370117,2191.949951,2191.949951,3779500000
22336,2016-12-05,2200.649902,2209.419922,2199.969971,2204.709961,2204.709961,3895230000
22337,2016-12-06,2207.26001,2212.780029,2202.209961,2212.22998,2212.22998,3855320000
22338,2016-12-07,2210.719971,2241.629883,2208.929932,2241.350098,2241.350098,4501820000
22339,2016-12-08,2241.129883,2251.689941,2237.570068,2246.189941,2246.189941,4200580000
22340,2016-12-09,2249.72998,2259.800049,2249.22998,2259.530029,2259.530029,3884480000
22341,2016-12-12,2258.830078,2264.030029,2252.370117,2256.959961,2256.959961,4034510000
22342,2016-12-13,2263.320068,2277.530029,2263.320068,2271.719971,2271.719971,3857590000
22343,2016-12-14,2268.350098,2276.199951,2248.439941,2253.280029,2253.280029,4406970000
22344,2016-12-15,2253.77002,2272.120117,2253.77002,2262.030029,2262.030029,4168200000
22345,2016-12-16,2266.810059,2268.050049,2254.23999,2258.070068,2258.070068,5920340000
22346,2016-12-19,2259.23999,2267.469971,2258.209961,2262.530029,2262.530029,3248370000
22347,2016-12-20,2266.5,2272.560059,2266.139893,2270.76001,2270.76001,3298780000
22348,2016-12-21,2270.540039,2271.22998,2265.149902,2265.179932,2265.179932,2852230000
22349,2016-12-22,2262.929932,2263.179932,2256.080078,2260.959961,2260.959961,2876320000
22350,2016-12-23,2260.25,2263.790039,2258.840088,2263.790039,2263.790039,2020550000
22351,2016-12-27,2266.22998,2273.820068,2266.149902,2268.879883,2268.879883,1987080000
22352,2016-12-28,2270.22998,2271.310059,2249.110107,2249.919922,2249.919922,2392360000
22353,2016-12-29,2249.5,2254.51001,2244.560059,2249.26001,2249.26001,2336370000
22354,2016-12-30,2251.610107,2253.580078,2233.620117,2238.830078,2238.830078,2670900000
22355,2017-01-03,2251.570068,2263.879883,2245.129883,2257.830078,2257.830078,3770530000
22356,2017-01-04,2261.600098,2272.820068,2261.600098,2270.75,2270.75,3764890000
22357,2017-01-05,2268.179932,2271.5,2260.449951,2269.0,2269.0,3761820000
22358,2017-01-06,2271.139893,2282.100098,2264.060059,2276.97998,2276.97998,3339890000
22359,2017-01-09,2273.590088,2275.48999,2268.899902,2268.899902,2268.899902,3217610000
22360,2017-01-10,2269.719971,2279.27002,2265.27002,2268.899902,2268.899902,3638790000
22361,2017-01-11,2268.600098,2275.320068,2260.830078,2275.320068,2275.320068,3620410000
22362,2017-01-12,2271.139893,2271.780029,2254.25,2270.439941,2270.439941,3462130000
22363,2017-01-13,2272.73999,2278.679932,2271.51001,2274.639893,2274.639893,3081270000
22364,2017-01-17,2269.139893,2272.080078,2262.810059,2267.889893,2267.889893,3584990000
22365,2017-01-18,2269.139893,2272.01001,2263.350098,2271.889893,2271.889893,3315250000
22366,2017-01-19,2271.899902,2274.330078,2258.409912,2263.689941,2263.689941,3165970000
22367,2017-01-20,2269.959961,2276.959961,2265.01001,2271.310059,2271.310059,3524970000
22368,2017-01-23,2267.780029,2271.780029,2257.02002,2265.199951,2265.199951,3152710000
22369,2017-01-24,2267.879883,2284.629883,2266.679932,2280.070068,2280.070068,3810960000
22370,2017-01-25,2288.879883,2299.550049,2288.879883,2298.370117,2298.370117,3846020000
22371,2017-01-26,2298.629883,2300.98999,2294.080078,2296.679932,2296.679932,3610360000
22372,2017-01-27,2299.02002,2299.02002,2291.620117,2294.689941,2294.689941,3135890000
22373,2017-01-30,2286.01001,2286.01001,2268.040039,2280.899902,2280.899902,3591270000
22374,2017-01-31,2274.02002,2279.090088,2267.209961,2278.870117,2278.870117,4087450000
22375,2017-02-01,2285.590088,2289.139893,2272.439941,2279.550049,2279.550049,3916610000
22376,2017-02-02,2276.689941,2283.969971,2271.649902,2280.850098,2280.850098,3807710000
22377,2017-02-03,2288.540039,2298.310059,2287.879883,2297.419922,2297.419922,3597970000
22378,2017-02-06,2294.280029,2296.179932,2288.570068,2292.560059,2292.560059,3109050000
22379,2017-02-07,2295.870117,2299.399902,2290.159912,2293.080078,2293.080078,3448690000
22380,2017-02-08,2289.550049,2295.909912,2285.379883,2294.669922,2294.669922,3609740000
22381,2017-02-09,2296.699951,2311.080078,2296.610107,2307.870117,2307.870117,3677940000
22382,2017-02-10,2312.27002,2319.22998,2311.100098,2316.100098,2316.100098,3475020000
22383,2017-02-13,2321.719971,2331.580078,2321.419922,2328.25,2328.25,3349730000
22384,2017-02-14,2326.120117,2337.580078,2322.169922,2337.580078,2337.580078,3520910000
22385,2017-02-15,2335.580078,2351.300049,2334.810059,2349.25,2349.25,3775590000
22386,2017-02-16,2349.639893,2351.310059,2338.870117,2347.219971,2347.219971,3672370000
22387,2017-02-17,2343.01001,2351.159912,2339.580078,2351.159912,2351.159912,3513060000
22388,2017-02-21,2354.909912,2366.709961,2354.909912,2365.379883,2365.379883,3579780000
22389,2017-02-22,2361.110107,2365.129883,2358.340088,2362.820068,2362.820068,3468670000
22390,2017-02-23,2367.5,2368.26001,2355.090088,2363.810059,2363.810059,4015260000
22391,2017-02-24,2355.72998,2367.340088,2352.870117,2367.340088,2367.340088,3831570000
22392,2017-02-27,2365.22998,2371.540039,2361.870117,2369.75,2369.75,3582610000
22393,2017-02-28,2366.080078,2367.790039,2358.959961,2363.639893,2363.639893,4210140000
22394,2017-03-01,2380.129883,2400.97998,2380.129883,2395.959961,2395.959961,4345180000
22395,2017-03-02,2394.75,2394.75,2380.169922,2381.919922,2381.919922,3821320000
22396,2017-03-03,2380.919922,2383.889893,2375.389893,2383.120117,2383.120117,3555260000
22397,2017-03-06,2375.22998,2378.800049,2367.97998,2375.310059,2375.310059,3232700000
22398,2017-03-07,2370.73999,2375.120117,2365.51001,2368.389893,2368.389893,3518390000
22399,2017-03-08,2369.810059,2373.090088,2361.01001,2362.97998,2362.97998,3812100000
22400,2017-03-09,2363.48999,2369.080078,2354.540039,2364.870117,2364.870117,3716340000
22401,2017-03-10,2372.52002,2376.860107,2363.040039,2372.600098,2372.600098,3432950000
22402,2017-03-13,2371.560059,2374.419922,2368.52002,2373.469971,2373.469971,3133900000
22403,2017-03-14,2368.550049,2368.550049,2358.179932,2365.449951,2365.449951,3172630000
22404,2017-03-15,2370.340088,2390.01001,2368.939941,2385.26001,2385.26001,3906840000
22405,2017-03-16,2387.709961,2388.100098,2377.179932,2381.379883,2381.379883,3365660000
22406,2017-03-17,2383.709961,2385.709961,2377.639893,2378.25,2378.25,5178040000
22407,2017-03-20,2378.23999,2379.550049,2369.659912,2373.469971,2373.469971,3054930000
22408,2017-03-21,2379.320068,2381.929932,2341.899902,2344.02002,2344.02002,4265590000
22409,2017-03-22,2343.0,2351.810059,2336.449951,2348.449951,2348.449951,3572730000
22410,2017-03-23,2345.969971,2358.919922,2342.129883,2345.959961,2345.959961,3260600000
22411,2017-03-24,2350.419922,2356.219971,2335.73999,2343.97998,2343.97998,2975130000
22412,2017-03-27,2329.110107,2344.899902,2322.25,2341.590088,2341.590088,3240230000
22413,2017-03-28,2339.790039,2363.780029,2337.629883,2358.570068,2358.570068,3367780000
22414,2017-03-29,2356.540039,2363.360107,2352.939941,2361.129883,2361.129883,3106940000
22415,2017-03-30,2361.310059,2370.419922,2358.580078,2368.060059,2368.060059,3158420000
22416,2017-03-31,2364.820068,2370.350098,2362.600098,2362.719971,2362.719971,3354110000
22417,2017-04-03,2362.340088,2365.870117,2344.72998,2358.840088,2358.840088,3416400000
22418,2017-04-04,2354.76001,2360.530029,2350.719971,2360.159912,2360.159912,3206240000
22419,2017-04-05,2366.590088,2378.360107,2350.52002,2352.949951,2352.949951,3770520000
22420,2017-04-06,2353.790039,2364.159912,2348.899902,2357.48999,2357.48999,3201920000
22421,2017-04-07,2356.590088,2363.76001,2350.73999,2355.540039,2355.540039,3053150000
22422,2017-04-10,2357.159912,2366.370117,2351.5,2357.159912,2357.159912,2785410000
22423,2017-04-11,2353.919922,2355.219971,2337.25,2353.780029,2353.780029,3117420000
22424,2017-04-12,2352.149902,2352.719971,2341.179932,2344.929932,2344.929932,3196950000
22425,2017-04-13,2341.97998,2348.26001,2328.949951,2328.949951,2328.949951,3143890000
22426,2017-04-17,2332.620117,2349.139893,2332.51001,2349.01001,2349.01001,2824710000
22427,2017-04-18,2342.530029,2348.350098,2334.540039,2342.189941,2342.189941,3269840000
22428,2017-04-19,2346.790039,2352.629883,2335.050049,2338.169922,2338.169922,3519900000
22429,2017-04-20,2342.689941,2361.370117,2340.909912,2355.840088,2355.840088,3647420000
22430,2017-04-21,2354.73999,2356.179932,2344.51001,2348.689941,2348.689941,3503360000
22431,2017-04-24,2370.330078,2376.97998,2369.189941,2374.149902,2374.149902,3690650000
22432,2017-04-25,2381.51001,2392.47998,2381.149902,2388.610107,2388.610107,3995240000
22433,2017-04-26,2388.97998,2398.159912,2386.780029,2387.449951,2387.449951,4105920000
22434,2017-04-27,2389.699951,2392.100098,2382.679932,2388.77002,2388.77002,4098460000
22435,2017-04-28,2393.679932,2393.679932,2382.360107,2384.199951,2384.199951,3718270000
22436,2017-05-01,2388.5,2394.48999,2384.830078,2388.330078,2388.330078,3199240000
22437,2017-05-02,2391.050049,2392.929932,2385.820068,2391.169922,2391.169922,3813680000
22438,2017-05-03,2386.5,2389.820068,2379.75,2388.129883,2388.129883,3893990000
22439,2017-05-04,2389.790039,2391.429932,2380.350098,2389.52002,2389.52002,4362540000
22440,2017-05-05,2392.370117,2399.290039,2389.379883,2399.290039,2399.290039,3540140000
22441,2017-05-08,2399.939941,2401.360107,2393.919922,2399.379883,2399.379883,3429440000
22442,2017-05-09,2401.580078,2403.870117,2392.439941,2396.919922,2396.919922,3653590000
22443,2017-05-10,2396.790039,2399.73999,2392.790039,2399.629883,2399.629883,3643530000
22444,2017-05-11,2394.840088,2395.719971,2381.73999,2394.439941,2394.439941,3727420000
22445,2017-05-12,2392.439941,2392.439941,2387.189941,2390.899902,2390.899902,3305630000
22446,2017-05-15,2393.97998,2404.050049,2393.939941,2402.320068,2402.320068,3473600000
22447,2017-05-16,2404.550049,2405.77002,2396.050049,2400.669922,2400.669922,3420790000
22448,2017-05-17,2382.949951,2384.870117,2356.209961,2357.030029,2357.030029,4163000000
22449,2017-05-18,2354.689941,2375.73999,2352.719971,2365.719971,2365.719971,4319420000
22450,2017-05-19,2371.370117,2389.060059,2370.429932,2381.72998,2381.72998,3825160000
22451,2017-05-22,2387.209961,2395.459961,2386.919922,2394.02002,2394.02002,3172830000
22452,2017-05-23,2397.040039,2400.850098,2393.879883,2398.419922,2398.419922,3213570000
22453,2017-05-24,2401.409912,2405.580078,2397.98999,2404.389893,2404.389893,3389900000
22454,2017-05-25,2409.540039,2418.709961,2408.01001,2415.070068,2415.070068,3535390000
22455,2017-05-26,2414.5,2416.679932,2412.199951,2415.820068,2415.820068,2805040000
22456,2017-05-30,2411.669922,2415.26001,2409.429932,2412.909912,2412.909912,3203160000
22457,2017-05-31,2415.629883,2415.98999,2403.590088,2411.800049,2411.800049,4516110000
22458,2017-06-01,2415.649902,2430.060059,2413.540039,2430.060059,2430.060059,3857140000
22459,2017-06-02,2431.280029,2440.22998,2427.709961,2439.070068,2439.070068,3461680000
22460,2017-06-05,2437.830078,2439.550049,2434.320068,2436.100098,2436.100098,2912600000
22461,2017-06-06,2431.919922,2436.209961,2428.120117,2429.330078,2429.330078,3357840000
22462,2017-06-07,2432.030029,2435.280029,2424.75,2433.139893,2433.139893,3572300000
22463,2017-06-08,2434.27002,2439.27002,2427.939941,2433.790039,2433.790039,3728860000
22464,2017-06-09,2436.389893,2446.199951,2415.699951,2431.77002,2431.77002,4027340000
22465,2017-06-12,2425.879883,2430.379883,2419.969971,2429.389893,2429.389893,4027750000
22466,2017-06-13,2434.149902,2441.48999,2431.280029,2440.350098,2440.350098,3275500000
22467,2017-06-14,2443.75,2443.75,2428.340088,2437.919922,2437.919922,3555590000
22468,2017-06-15,2424.139893,2433.949951,2418.530029,2432.459961,2432.459961,3353050000
22469,2017-06-16,2431.23999,2433.149902,2422.879883,2433.149902,2433.149902,5284720000
22470,2017-06-19,2442.550049,2453.820068,2441.790039,2453.459961,2453.459961,3264700000
22471,2017-06-20,2450.659912,2450.659912,2436.600098,2437.030029,2437.030029,3416510000
22472,2017-06-21,2439.310059,2442.22998,2430.73999,2435.610107,2435.610107,3594820000
22473,2017-06-22,2437.399902,2441.620117,2433.27002,2434.5,2434.5,3468210000
22474,2017-06-23,2434.649902,2441.399902,2431.110107,2438.300049,2438.300049,5278330000
22475,2017-06-26,2443.320068,2450.419922,2437.030029,2439.070068,2439.070068,3238970000
22476,2017-06-27,2436.340088,2440.149902,2419.379883,2419.379883,2419.379883,3563910000
22477,2017-06-28,2428.699951,2442.969971,2428.02002,2440.689941,2440.689941,3500800000
22478,2017-06-29,2442.379883,2442.72998,2405.699951,2419.699951,2419.699951,3900280000
22479,2017-06-30,2429.199951,2432.709961,2421.649902,2423.409912,2423.409912,3361590000
22480,2017-07-03,2431.389893,2439.169922,2428.689941,2429.01001,2429.01001,1962290000
22481,2017-07-05,2430.780029,2434.899902,2422.050049,2432.540039,2432.540039,3367220000
22482,2017-07-06,2423.439941,2424.280029,2407.699951,2409.75,2409.75,3364520000
22483,2017-07-07,2413.52002,2426.919922,2413.52002,2425.179932,2425.179932,2901330000
22484,2017-07-10,2424.51001,2432.0,2422.27002,2427.429932,2427.429932,2999130000
22485,2017-07-11,2427.350098,2429.300049,2412.790039,2425.530029,2425.530029,3106750000
22486,2017-07-12,2435.75,2445.76001,2435.75,2443.25,2443.25,3171620000
22487,2017-07-13,2444.98999,2449.320068,2441.689941,2447.830078,2447.830078,3067670000
22488,2017-07-14,2449.159912,2463.540039,2446.689941,2459.27002,2459.27002,2736640000
22489,2017-07-17,2459.5,2462.820068,2457.159912,2459.139893,2459.139893,2793170000
22490,2017-07-18,2455.879883,2460.919922,2450.340088,2460.610107,2460.610107,2962130000
22491,2017-07-19,2463.850098,2473.830078,2463.850098,2473.830078,2473.830078,3059760000
22492,2017-07-20,2475.560059,2477.620117,2468.429932,2473.449951,2473.449951,3182780000
22493,2017-07-21,2467.399902,2472.540039,2465.060059,2472.540039,2472.540039,3059570000
22494,2017-07-24,2472.040039,2473.100098,2466.320068,2469.909912,2469.909912,3010240000
22495,2017-07-25,2477.879883,2481.23999,2474.909912,2477.129883,2477.129883,4108060000
22496,2017-07-26,2479.969971,2481.689941,2474.939941,2477.830078,2477.830078,3557020000
22497,2017-07-27,2482.76001,2484.040039,2459.929932,2475.419922,2475.419922,3995520000
22498,2017-07-28,2469.120117,2473.530029,2464.659912,2472.100098,2472.100098,3294770000
22499,2017-07-31,2475.939941,2477.959961,2468.530029,2470.300049,2470.300049,3469210000
22500,2017-08-01,2477.100098,2478.51001,2471.139893,2476.350098,2476.350098,3460860000
22501,2017-08-02,2480.379883,2480.379883,2466.47998,2477.570068,2477.570068,3478580000
22502,2017-08-03,2476.030029,2476.030029,2468.850098,2472.159912,2472.159912,3645020000
22503,2017-08-04,2476.879883,2480.0,2472.080078,2476.830078,2476.830078,3235140000
22504,2017-08-07,2477.139893,2480.949951,2475.879883,2480.909912,2480.909912,2931780000
22505,2017-08-08,2478.350098,2490.870117,2470.320068,2474.919922,2474.919922,3344640000
22506,2017-08-09,2465.350098,2474.409912,2462.080078,2474.02002,2474.02002,3308060000
22507,2017-08-10,2465.379883,2465.379883,2437.75,2438.209961,2438.209961,3621070000
22508,2017-08-11,2441.040039,2448.090088,2437.850098,2441.320068,2441.320068,3159930000
22509,2017-08-14,2454.959961,2468.219971,2454.959961,2465.840088,2465.840088,2822550000
22510,2017-08-15,2468.659912,2468.899902,2461.610107,2464.610107,2464.610107,2913100000
22511,2017-08-16,2468.629883,2474.929932,2463.860107,2468.110107,2468.110107,2953650000
22512,2017-08-17,2462.949951,2465.02002,2430.01001,2430.01001,2430.01001,3142620000
22513,2017-08-18,2427.639893,2440.27002,2420.689941,2425.550049,2425.550049,3415680000
22514,2017-08-21,2425.5,2430.580078,2417.350098,2428.370117,2428.370117,2788150000
22515,2017-08-22,2433.75,2454.77002,2433.669922,2452.51001,2452.51001,2777490000
22516,2017-08-23,2444.879883,2448.909912,2441.419922,2444.040039,2444.040039,2785290000
22517,2017-08-24,2447.909912,2450.389893,2436.189941,2438.969971,2438.969971,2846590000
22518,2017-08-25,2444.719971,2453.959961,2442.219971,2443.050049,2443.050049,2588780000
22519,2017-08-28,2447.350098,2449.120117,2439.030029,2444.23999,2444.23999,2677700000
22520,2017-08-29,2431.939941,2449.189941,2428.199951,2446.300049,2446.300049,2737580000
22521,2017-08-30,2446.060059,2460.310059,2443.77002,2457.590088,2457.590088,2633660000
22522,2017-08-31,2462.649902,2475.01001,2462.649902,2471.649902,2471.649902,3348110000
22523,2017-09-01,2474.419922,2480.379883,2473.850098,2476.550049,2476.550049,2710730000
22524,2017-09-05,2470.350098,2471.969971,2446.550049,2457.850098,2457.850098,3490260000
22525,2017-09-06,2463.830078,2469.639893,2459.199951,2465.540039,2465.540039,3374410000
22526,2017-09-07,2468.060059,2468.620117,2460.290039,2465.100098,2465.100098,3353930000
22527,2017-09-08,2462.25,2467.110107,2459.399902,2461.429932,2461.429932,3302490000
22528,2017-09-11,2474.52002,2488.949951,2474.52002,2488.110107,2488.110107,3291760000
22529,2017-09-12,2491.939941,2496.77002,2490.370117,2496.47998,2496.47998,3230920000
22530,2017-09-13,2493.889893,2498.370117,2492.139893,2498.370117,2498.370117,3368050000
22531,2017-09-14,2494.560059,2498.429932,2491.350098,2495.620117,2495.620117,3414460000
22532,2017-09-15,2495.669922,2500.22998,2493.159912,2500.22998,2500.22998,4853170000
22533,2017-09-18,2502.51001,2508.320068,2499.919922,2503.870117,2503.870117,3194300000
22534,2017-09-19,2506.290039,2507.840088,2503.189941,2506.649902,2506.649902,3249100000
22535,2017-09-20,2506.840088,2508.850098,2496.669922,2508.23999,2508.23999,3530010000
22536,2017-09-21,2507.159912,2507.159912,2499.0,2500.600098,2500.600098,2930860000
22537,2017-09-22,2497.26001,2503.469971,2496.540039,2502.219971,2502.219971,2865960000
22538,2017-09-25,2499.389893,2502.540039,2488.030029,2496.659912,2496.659912,3297890000
22539,2017-09-26,2501.040039,2503.51001,2495.120117,2496.840088,2496.840088,3043110000
22540,2017-09-27,2503.300049,2511.75,2495.909912,2507.040039,2507.040039,3456030000
22541,2017-09-28,2503.409912,2510.810059,2502.929932,2510.060059,2510.060059,3168620000
22542,2017-09-29,2509.959961,2519.439941,2507.98999,2519.360107,2519.360107,3211920000
22543,2017-10-02,2521.199951,2529.22998,2520.399902,2529.120117,2529.120117,3199730000
22544,2017-10-03,2530.340088,2535.129883,2528.850098,2534.580078,2534.580078,3068850000
22545,2017-10-04,2533.47998,2540.530029,2531.800049,2537.73999,2537.73999,3017120000
22546,2017-10-05,2540.860107,2552.51001,2540.02002,2552.070068,2552.070068,3045120000
22547,2017-10-06,2547.439941,2549.409912,2543.790039,2549.330078,2549.330078,2884570000
22548,2017-10-09,2551.389893,2551.820068,2541.600098,2544.72998,2544.72998,2483970000
22549,2017-10-10,2549.98999,2555.22998,2544.860107,2550.639893,2550.639893,2960500000
22550,2017-10-11,2550.620117,2555.23999,2547.949951,2555.23999,2555.23999,2976090000
22551,2017-10-12,2552.879883,2555.330078,2548.310059,2550.929932,2550.929932,3151510000
22552,2017-10-13,2555.659912,2557.649902,2552.090088,2553.169922,2553.169922,3149440000
22553,2017-10-16,2555.570068,2559.469971,2552.639893,2557.639893,2557.639893,2916020000
22554,2017-10-17,2557.169922,2559.709961,2554.689941,2559.360107,2559.360107,2889390000
22555,2017-10-18,2562.870117,2564.110107,2559.669922,2561.26001,2561.26001,2998090000
22556,2017-10-19,2553.389893,2562.360107,2547.919922,2562.100098,2562.100098,2990710000
22557,2017-10-20,2567.560059,2575.439941,2567.560059,2575.209961,2575.209961,3384650000
22558,2017-10-23,2578.080078,2578.290039,2564.330078,2564.97998,2564.97998,3211710000
22559,2017-10-24,2568.659912,2572.179932,2565.580078,2569.129883,2569.129883,3427330000
22560,2017-10-25,2566.52002,2567.399902,2544.0,2557.149902,2557.149902,3874510000
22561,2017-10-26,2560.080078,2567.070068,2559.800049,2560.399902,2560.399902,3869050000
22562,2017-10-27,2570.26001,2582.97998,2565.939941,2581.070068,2581.070068,3887110000
22563,2017-10-30,2577.75,2580.030029,2568.25,2572.830078,2572.830078,3658870000
22564,2017-10-31,2575.98999,2578.290039,2572.149902,2575.26001,2575.26001,3827230000
22565,2017-11-01,2583.209961,2588.399902,2574.919922,2579.360107,2579.360107,3813180000
22566,2017-11-02,2579.459961,2581.110107,2566.169922,2579.850098,2579.850098,4048270000
22567,2017-11-03,2581.929932,2588.419922,2576.77002,2587.840088,2587.840088,3567710000
22568,2017-11-06,2587.469971,2593.379883,2585.659912,2591.129883,2591.129883,3539080000
22569,2017-11-07,2592.110107,2597.02002,2584.350098,2590.639893,2590.639893,3809650000
22570,2017-11-08,2588.709961,2595.469971,2585.02002,2594.379883,2594.379883,3899360000
22571,2017-11-09,2584.0,2586.5,2566.330078,2584.620117,2584.620117,3831610000
22572,2017-11-10,2580.179932,2583.810059,2575.570068,2582.300049,2582.300049,3486910000
22573,2017-11-13,2576.530029,2587.659912,2574.47998,2584.840088,2584.840088,3402930000
22574,2017-11-14,2577.75,2579.659912,2566.560059,2578.870117,2578.870117,3641760000
22575,2017-11-15,2569.449951,2572.840088,2557.449951,2564.620117,2564.620117,3558890000
22576,2017-11-16,2572.949951,2590.090088,2572.949951,2585.639893,2585.639893,3312710000
22577,2017-11-17,2582.939941,2583.959961,2577.620117,2578.850098,2578.850098,3300160000
22578,2017-11-20,2579.48999,2584.639893,2578.23999,2582.139893,2582.139893,3003540000
22579,2017-11-21,2589.169922,2601.189941,2589.169922,2599.030029,2599.030029,3332720000
22580,2017-11-22,2600.310059,2600.939941,2595.22998,2597.080078,2597.080078,2762950000
22581,2017-11-24,2600.419922,2604.209961,2600.419922,2602.419922,2602.419922,1349780000
22582,2017-11-27,2602.659912,2606.409912,2598.870117,2601.419922,2601.419922,3006860000
22583,2017-11-28,2605.939941,2627.689941,2605.439941,2627.040039,2627.040039,3488420000
22584,2017-11-29,2627.820068,2634.889893,2620.320068,2626.070068,2626.070068,4078280000
22585,2017-11-30,2633.929932,2657.73999,2633.929932,2647.580078,2647.580078,4938490000
22586,2017-12-01,2645.100098,2650.620117,2605.52002,2642.219971,2642.219971,3942320000
22587,2017-12-04,2657.189941,2665.189941,2639.030029,2639.439941,2639.439941,4023150000
22588,2017-12-05,2639.780029,2648.719971,2627.72998,2629.570068,2629.570068,3539040000
22589,2017-12-06,2626.23999,2634.409912,2624.75,2629.27002,2629.27002,3229000000
22590,2017-12-07,2628.379883,2640.98999,2626.530029,2636.97998,2636.97998,3292400000
22591,2017-12-08,2646.209961,2651.649902,2644.100098,2651.5,2651.5,3106150000
22592,2017-12-11,2652.189941,2660.330078,2651.469971,2659.98999,2659.98999,3091950000
22593,2017-12-12,2661.72998,2669.719971,2659.780029,2664.110107,2664.110107,3555680000
22594,2017-12-13,2667.590088,2671.879883,2662.850098,2662.850098,2662.850098,3542370000
22595,2017-12-14,2665.870117,2668.090088,2652.01001,2652.01001,2652.01001,3430030000
22596,2017-12-15,2660.629883,2679.629883,2659.139893,2675.810059,2675.810059,5723920000
22597,2017-12-18,2685.919922,2694.969971,2685.919922,2690.159912,2690.159912,3724660000
22598,2017-12-19,2692.709961,2694.439941,2680.73999,2681.469971,2681.469971,3368590000
22599,2017-12-20,2688.179932,2691.01001,2676.110107,2679.25,2679.25,3241030000
22600,2017-12-21,2683.02002,2692.639893,2682.399902,2684.570068,2684.570068,3273390000
22601,2017-12-22,2684.219971,2685.350098,2678.129883,2683.340088,2683.340088,2399830000
22602,2017-12-26,2679.090088,2682.73999,2677.959961,2680.5,2680.5,1968780000
22603,2017-12-27,2682.100098,2685.639893,2678.909912,2682.620117,2682.620117,2202080000
22604,2017-12-28,2686.100098,2687.659912,2682.689941,2687.540039,2687.540039,2153330000
22605,2017-12-29,2689.149902,2692.120117,2673.610107,2673.610107,2673.610107,2443490000
22606,2018-01-02,2683.72998,2695.889893,2682.360107,2695.810059,2695.810059,3367250000
22607,2018-01-03,2697.850098,2714.370117,2697.77002,2713.060059,2713.060059,3538660000
22608,2018-01-04,2719.310059,2729.290039,2719.070068,2723.98999,2723.98999,3695260000
22609,2018-01-05,2731.330078,2743.449951,2727.919922,2743.149902,2743.149902,3236620000
22610,2018-01-08,2742.669922,2748.51001,2737.600098,2747.709961,2747.709961,3242650000
22611,2018-01-09,2751.149902,2759.139893,2747.860107,2751.290039,2751.290039,3453480000
22612,2018-01-10,2745.550049,2750.800049,2736.060059,2748.22998,2748.22998,3576350000
22613,2018-01-11,2752.969971,2767.560059,2752.780029,2767.560059,2767.560059,3641320000
22614,2018-01-12,2770.179932,2787.850098,2769.639893,2786.23999,2786.23999,3573970000
22615,2018-01-16,2798.959961,2807.540039,2768.639893,2776.419922,2776.419922,4325970000
22616,2018-01-17,2784.98999,2807.040039,2778.379883,2802.560059,2802.560059,3778050000
22617,2018-01-18,2802.399902,2805.830078,2792.560059,2798.030029,2798.030029,3681470000
22618,2018-01-19,2802.600098,2810.330078,2798.080078,2810.300049,2810.300049,3639430000
22619,2018-01-22,2809.159912,2833.030029,2808.120117,2832.969971,2832.969971,3471780000
22620,2018-01-23,2835.050049,2842.23999,2830.590088,2839.129883,2839.129883,3519650000
22621,2018-01-24,2845.419922,2852.969971,2824.810059,2837.540039,2837.540039,4014070000
22622,2018-01-25,2846.23999,2848.560059,2830.939941,2839.25,2839.25,3835150000
22623,2018-01-26,2847.47998,2872.870117,2846.179932,2872.870117,2872.870117,3443230000
22624,2018-01-29,2867.22998,2870.620117,2851.47998,2853.530029,2853.530029,3573830000
22625,2018-01-30,2832.73999,2837.75,2818.27002,2822.429932,2822.429932,3990650000
22626,2018-01-31,2832.409912,2839.26001,2813.040039,2823.810059,2823.810059,4261280000
22627,2018-02-01,2816.449951,2835.959961,2812.699951,2821.97998,2821.97998,3938450000
22628,2018-02-02,2808.919922,2808.919922,2759.969971,2762.129883,2762.129883,4301130000
22629,2018-02-05,2741.060059,2763.389893,2638.169922,2648.939941,2648.939941,5283460000
22630,2018-02-06,2614.780029,2701.040039,2593.070068,2695.139893,2695.139893,5891660000
22631,2018-02-07,2690.949951,2727.669922,2681.330078,2681.659912,2681.659912,4626570000
22632,2018-02-08,2685.01001,2685.27002,2580.560059,2581.0,2581.0,5305440000
22633,2018-02-09,2601.780029,2638.669922,2532.689941,2619.550049,2619.550049,5680070000
22634,2018-02-12,2636.75,2672.610107,2622.449951,2656.0,2656.0,4055790000
22635,2018-02-13,2646.27002,2668.840088,2637.080078,2662.939941,2662.939941,3472870000
22636,2018-02-14,2651.209961,2702.100098,2648.870117,2698.629883,2698.629883,4003740000
22637,2018-02-15,2713.459961,2731.51001,2689.820068,2731.199951,2731.199951,3684910000
22638,2018-02-16,2727.139893,2754.419922,2725.110107,2732.219971,2732.219971,3637460000
22639,2018-02-20,2722.98999,2737.600098,2706.76001,2716.26001,2716.26001,3627610000
22640,2018-02-21,2720.530029,2747.75,2701.290039,2701.330078,2701.330078,3779400000
22641,2018-02-22,2710.419922,2731.26001,2697.77002,2703.959961,2703.959961,3701270000
22642,2018-02-23,2715.800049,2747.76001,2713.73999,2747.300049,2747.300049,3189190000
22643,2018-02-26,2757.370117,2780.639893,2753.780029,2779.600098,2779.600098,3424650000
22644,2018-02-27,2780.449951,2789.149902,2744.219971,2744.280029,2744.280029,3745080000
22645,2018-02-28,2753.780029,2761.52002,2713.540039,2713.830078,2713.830078,4230660000
22646,2018-03-01,2715.219971,2730.889893,2659.649902,2677.669922,2677.669922,4503970000
22647,2018-03-02,2658.889893,2696.25,2647.320068,2691.25,2691.25,3882450000
22648,2018-03-05,2681.060059,2728.090088,2675.75,2720.939941,2720.939941,3710810000
22649,2018-03-06,2730.179932,2732.080078,2711.26001,2728.120117,2728.120117,3370690000
22650,2018-03-07,2710.179932,2730.600098,2701.73999,2726.800049,2726.800049,3393270000
22651,2018-03-08,2732.75,2740.449951,2722.649902,2738.969971,2738.969971,3212320000
22652,2018-03-09,2752.909912,2786.570068,2751.540039,2786.570068,2786.570068,3364100000
22653,2018-03-12,2790.540039,2796.97998,2779.26001,2783.02002,2783.02002,3185020000
22654,2018-03-13,2792.310059,2801.899902,2758.679932,2765.310059,2765.310059,3301650000
22655,2018-03-14,2774.060059,2777.110107,2744.379883,2749.47998,2749.47998,3391360000
22656,2018-03-15,2754.27002,2763.030029,2741.469971,2747.330078,2747.330078,3500330000
22657,2018-03-16,2750.570068,2761.850098,2749.969971,2752.01001,2752.01001,5372340000
22658,2018-03-19,2741.379883,2741.379883,2694.590088,2712.919922,2712.919922,3302130000
22659,2018-03-20,2715.050049,2724.219971,2710.050049,2716.939941,2716.939941,3261030000
22660,2018-03-21,2714.98999,2739.139893,2709.790039,2711.929932,2711.929932,3415510000
22661,2018-03-22,2691.360107,2695.679932,2641.590088,2643.689941,2643.689941,3739800000
22662,2018-03-23,2646.709961,2657.669922,2585.889893,2588.26001,2588.26001,3815080000
22663,2018-03-26,2619.350098,2661.360107,2601.810059,2658.550049,2658.550049,3511100000
22664,2018-03-27,2667.570068,2674.780029,2596.120117,2612.620117,2612.620117,3706350000
22665,2018-03-28,2611.300049,2632.649902,2593.060059,2605.0,2605.0,3864500000
22666,2018-03-29,2614.409912,2659.070068,2609.719971,2640.870117,2640.870117,3565990000
22667,2018-04-02,2633.449951,2638.300049,2553.800049,2581.879883,2581.879883,3598520000
22668,2018-04-03,2592.169922,2619.139893,2575.48999,2614.449951,2614.449951,3392810000
22669,2018-04-04,2584.040039,2649.860107,2573.610107,2644.689941,2644.689941,3350340000
22670,2018-04-05,2657.360107,2672.080078,2649.580078,2662.840088,2662.840088,3178970000
22671,2018-04-06,2645.820068,2656.879883,2586.27002,2604.469971,2604.469971,3299700000
22672,2018-04-09,2617.179932,2653.550049,2610.790039,2613.159912,2613.159912,3062960000
22673,2018-04-10,2638.409912,2665.449951,2635.780029,2656.870117,2656.870117,3543930000
22674,2018-04-11,2643.889893,2661.429932,2639.25,2642.189941,2642.189941,3020760000
22675,2018-04-12,2653.830078,2674.719971,2653.830078,2663.98999,2663.98999,3021320000
22676,2018-04-13,2676.899902,2680.26001,2645.050049,2656.300049,2656.300049,2960910000
22677,2018-04-16,2670.100098,2686.48999,2665.159912,2677.840088,2677.840088,3019700000
22678,2018-04-17,2692.73999,2713.340088,2692.050049,2706.389893,2706.389893,3234360000
22679,2018-04-18,2710.110107,2717.48999,2703.629883,2708.639893,2708.639893,3383410000
22680,2018-04-19,2701.159912,2702.840088,2681.899902,2693.129883,2693.129883,3349370000
22681,2018-04-20,2692.560059,2693.939941,2660.610107,2670.139893,2670.139893,3388590000
22682,2018-04-23,2675.399902,2682.860107,2657.98999,2670.290039,2670.290039,3017480000
22683,2018-04-24,2680.800049,2683.550049,2617.320068,2634.560059,2634.560059,3706740000
22684,2018-04-25,2634.919922,2645.300049,2612.669922,2639.399902,2639.399902,3499440000
22685,2018-04-26,2651.649902,2676.47998,2647.159912,2666.939941,2666.939941,3665720000
22686,2018-04-27,2675.469971,2677.350098,2659.01001,2669.909912,2669.909912,3219030000
22687,2018-04-30,2682.51001,2682.870117,2648.040039,2648.050049,2648.050049,3734530000
22688,2018-05-01,2642.959961,2655.27002,2625.409912,2654.800049,2654.800049,3559850000
22689,2018-05-02,2654.23999,2660.870117,2631.699951,2635.669922,2635.669922,4010770000
22690,2018-05-03,2628.080078,2637.139893,2594.620117,2629.72998,2629.72998,3851470000
22691,2018-05-04,2621.449951,2670.929932,2615.320068,2663.419922,2663.419922,3327220000
22692,2018-05-07,2680.340088,2683.350098,2664.699951,2672.629883,2672.629883,3237960000
22693,2018-05-08,2670.26001,2676.340088,2655.199951,2671.919922,2671.919922,3717570000
22694,2018-05-09,2678.120117,2701.27002,2674.139893,2697.790039,2697.790039,3909500000
22695,2018-05-10,2705.02002,2726.110107,2704.540039,2723.070068,2723.070068,3333050000
22696,2018-05-11,2722.699951,2732.860107,2717.449951,2727.719971,2727.719971,2862700000
22697,2018-05-14,2738.469971,2742.100098,2725.469971,2730.129883,2730.129883,2972660000
22698,2018-05-15,2718.590088,2718.590088,2701.909912,2711.449951,2711.449951,3290680000
22699,2018-05-16,2712.620117,2727.76001,2712.169922,2722.459961,2722.459961,3202670000
22700,2018-05-17,2719.709961,2731.959961,2711.360107,2720.129883,2720.129883,3475400000
22701,2018-05-18,2717.350098,2719.5,2709.179932,2712.969971,2712.969971,3368690000
22702,2018-05-21,2735.389893,2739.189941,2725.699951,2733.01001,2733.01001,3019890000
22703,2018-05-22,2738.340088,2742.23999,2721.879883,2724.439941,2724.439941,3366310000
22704,2018-05-23,2713.97998,2733.330078,2709.540039,2733.290039,2733.290039,3326290000
22705,2018-05-24,2730.939941,2731.969971,2707.379883,2727.76001,2727.76001,3256030000
22706,2018-05-25,2723.600098,2727.360107,2714.98999,2721.330078,2721.330078,2995260000
22707,2018-05-29,2705.110107,2710.669922,2676.810059,2689.860107,2689.860107,3736890000
22708,2018-05-30,2702.429932,2729.340088,2702.429932,2724.01001,2724.01001,3561050000
22709,2018-05-31,2720.97998,2722.5,2700.679932,2705.27002,2705.27002,4235370000
22710,2018-06-01,2718.699951,2736.929932,2718.699951,2734.620117,2734.620117,3684130000
22711,2018-06-04,2741.669922,2749.159912,2740.540039,2746.870117,2746.870117,3376510000
22712,2018-06-05,2748.459961,2752.610107,2739.51001,2748.800049,2748.800049,3517790000
22713,2018-06-06,2753.25,2772.389893,2748.459961,2772.350098,2772.350098,3651640000
22714,2018-06-07,2774.840088,2779.899902,2760.159912,2770.370117,2770.370117,3711330000
22715,2018-06-08,2765.840088,2779.389893,2763.590088,2779.030029,2779.030029,3123210000
22716,2018-06-11,2780.179932,2790.209961,2780.169922,2782.0,2782.0,3232330000
22717,2018-06-12,2785.600098,2789.800049,2778.780029,2786.850098,2786.850098,3401010000
22718,2018-06-13,2787.939941,2791.469971,2774.649902,2775.629883,2775.629883,3779230000
22719,2018-06-14,2783.209961,2789.060059,2776.52002,2782.48999,2782.48999,3526890000
22720,2018-06-15,2777.780029,2782.810059,2761.72998,2779.659912,2779.659912,5428790000
22721,2018-06-18,2765.790039,2774.98999,2757.120117,2773.75,2773.75,3287150000
22722,2018-06-19,2752.01001,2765.050049,2743.189941,2762.590088,2762.590088,3661470000
22723,2018-06-20,2769.72998,2774.860107,2763.909912,2767.320068,2767.320068,3327600000
22724,2018-06-21,2769.280029,2769.280029,2744.389893,2749.76001,2749.76001,3300060000
22725,2018-06-22,2760.790039,2764.169922,2752.679932,2754.879883,2754.879883,5450550000
22726,2018-06-25,2742.939941,2742.939941,2698.669922,2717.070068,2717.070068,3655080000
22727,2018-06-26,2722.120117,2732.909912,2715.600098,2723.060059,2723.060059,3555090000
22728,2018-06-27,2728.449951,2746.090088,2699.379883,2699.629883,2699.629883,3776090000
22729,2018-06-28,2698.689941,2724.340088,2691.98999,2716.310059,2716.310059,3428140000
22730,2018-06-29,2727.129883,2743.26001,2718.030029,2718.370117,2718.370117,3565620000
22731,2018-07-02,2704.949951,2727.26001,2698.949951,2726.709961,2726.709961,3073650000
22732,2018-07-03,2733.27002,2736.580078,2711.159912,2713.219971,2713.219971,1911470000
22733,2018-07-05,2724.189941,2737.830078,2716.02002,2736.610107,2736.610107,2953420000
22734,2018-07-06,2737.679932,2764.409912,2733.52002,2759.820068,2759.820068,2554780000
22735,2018-07-09,2775.620117,2784.649902,2770.72998,2784.169922,2784.169922,3050040000
22736,2018-07-10,2788.560059,2795.580078,2786.23999,2793.840088,2793.840088,3063850000
22737,2018-07-11,2779.820068,2785.909912,2770.77002,2774.02002,2774.02002,2964740000
22738,2018-07-12,2783.139893,2799.219971,2781.530029,2798.290039,2798.290039,2821690000
22739,2018-07-13,2796.929932,2804.530029,2791.689941,2801.310059,2801.310059,2614000000
22740,2018-07-16,2797.360107,2801.189941,2793.389893,2798.429932,2798.429932,2812230000
22741,2018-07-17,2789.340088,2814.189941,2789.23999,2809.550049,2809.550049,3050730000
22742,2018-07-18,2811.350098,2816.76001,2805.889893,2815.620117,2815.620117,3089780000
22743,2018-07-19,2809.370117,2812.050049,2799.77002,2804.48999,2804.48999,3266700000
22744,2018-07-20,2804.550049,2809.699951,2800.01001,2801.830078,2801.830078,3230210000
22745,2018-07-23,2799.169922,2808.610107,2795.139893,2806.97998,2806.97998,2907430000
22746,2018-07-24,2820.679932,2829.98999,2811.120117,2820.399902,2820.399902,3417530000
22747,2018-07-25,2817.72998,2848.030029,2817.72998,2846.070068,2846.070068,3553010000
22748,2018-07-26,2835.48999,2845.570068,2835.26001,2837.439941,2837.439941,3653330000
22749,2018-07-27,2842.350098,2843.169922,2808.340088,2818.820068,2818.820068,3415710000
22750,2018-07-30,2819.0,2821.73999,2798.110107,2802.600098,2802.600098,3245770000
22751,2018-07-31,2809.72998,2824.459961,2808.060059,2816.290039,2816.290039,3892100000
22752,2018-08-01,2821.169922,2825.830078,2805.850098,2813.360107,2813.360107,3496990000
22753,2018-08-02,2800.47998,2829.909912,2796.340088,2827.219971,2827.219971,3467380000
22754,2018-08-03,2829.620117,2840.379883,2827.370117,2840.350098,2840.350098,3030390000
22755,2018-08-06,2840.290039,2853.290039,2835.97998,2850.399902,2850.399902,2874540000
22756,2018-08-07,2855.919922,2863.429932,2855.919922,2858.449951,2858.449951,3162770000
22757,2018-08-08,2856.790039,2862.439941,2853.090088,2857.699951,2857.699951,2972200000
22758,2018-08-09,2857.189941,2862.47998,2851.97998,2853.580078,2853.580078,3047050000
22759,2018-08-10,2838.899902,2842.199951,2825.810059,2833.280029,2833.280029,3256040000
22760,2018-08-13,2835.459961,2843.399902,2819.879883,2821.929932,2821.929932,3158450000
22761,2018-08-14,2827.879883,2843.110107,2826.580078,2839.959961,2839.959961,2976970000
22762,2018-08-15,2827.949951,2827.949951,2802.48999,2818.370117,2818.370117,3645070000
22763,2018-08-16,2831.439941,2850.48999,2831.439941,2840.689941,2840.689941,3219880000
22764,2018-08-17,2838.320068,2855.629883,2833.72998,2850.129883,2850.129883,3024100000
22765,2018-08-20,2853.929932,2859.76001,2850.620117,2857.050049,2857.050049,2748020000
22766,2018-08-21,2861.51001,2873.22998,2861.320068,2862.959961,2862.959961,3147140000
22767,2018-08-22,2860.98999,2867.540039,2856.050049,2861.820068,2861.820068,2689560000
22768,2018-08-23,2860.290039,2868.780029,2854.030029,2856.97998,2856.97998,2713910000
22769,2018-08-24,2862.350098,2876.159912,2862.350098,2874.689941,2874.689941,2596190000
22770,2018-08-27,2884.689941,2898.25,2884.689941,2896.73999,2896.73999,2854080000
22771,2018-08-28,2901.449951,2903.77002,2893.5,2897.52002,2897.52002,2683190000
22772,2018-08-29,2900.620117,2916.5,2898.399902,2914.040039,2914.040039,2791860000
22773,2018-08-30,2908.939941,2912.459961,2895.219971,2901.129883,2901.129883,2802180000
22774,2018-08-31,2898.370117,2906.320068,2891.72998,2901.52002,2901.52002,2880260000
22775,2018-09-04,2896.959961,2900.179932,2885.129883,2896.719971,2896.719971,3077060000
22776,2018-09-05,2891.590088,2894.209961,2876.919922,2888.600098,2888.600098,3241250000
22777,2018-09-06,2888.639893,2892.050049,2867.290039,2878.050049,2878.050049,3139590000
22778,2018-09-07,2868.26001,2883.810059,2864.120117,2871.679932,2871.679932,2946270000
22779,2018-09-10,2881.389893,2886.929932,2875.939941,2877.129883,2877.129883,2731400000
22780,2018-09-11,2871.570068,2892.52002,2866.780029,2887.889893,2887.889893,2899660000
22781,2018-09-12,2888.290039,2894.649902,2879.199951,2888.919922,2888.919922,3264930000
22782,2018-09-13,2896.850098,2906.76001,2896.389893,2904.179932,2904.179932,3254930000
22783,2018-09-14,2906.379883,2908.300049,2895.77002,2904.97998,2904.97998,3149800000
22784,2018-09-17,2903.830078,2904.649902,2886.159912,2888.800049,2888.800049,2947760000
22785,2018-09-18,2890.73999,2911.169922,2890.429932,2904.310059,2904.310059,3074610000
22786,2018-09-19,2906.600098,2912.360107,2903.820068,2907.949951,2907.949951,3280020000
22787,2018-09-20,2919.72998,2934.800049,2919.72998,2930.75,2930.75,3337730000
22788,2018-09-21,2936.76001,2940.909912,2927.110107,2929.669922,2929.669922,5607610000
22789,2018-09-24,2921.830078,2923.790039,2912.629883,2919.370117,2919.370117,3372210000
22790,2018-09-25,2921.75,2923.949951,2913.699951,2915.560059,2915.560059,3285480000
22791,2018-09-26,2916.97998,2931.149902,2903.280029,2905.969971,2905.969971,3388620000
22792,2018-09-27,2911.649902,2927.219971,2909.27002,2914.0,2914.0,3060850000
22793,2018-09-28,2910.030029,2920.530029,2907.5,2913.97998,2913.97998,3432300000
22794,2018-10-01,2926.290039,2937.060059,2917.909912,2924.590088,2924.590088,3364190000
22795,2018-10-02,2923.800049,2931.419922,2919.370117,2923.429932,2923.429932,3401880000
22796,2018-10-03,2931.689941,2939.860107,2921.360107,2925.51001,2925.51001,3598710000
22797,2018-10-04,2919.350098,2919.780029,2883.919922,2901.610107,2901.610107,3496860000
22798,2018-10-05,2902.540039,2909.639893,2869.290039,2885.570068,2885.570068,3328980000
22799,2018-10-08,2877.530029,2889.449951,2862.080078,2884.429932,2884.429932,3330320000
22800,2018-10-09,2882.51001,2894.830078,2874.27002,2880.340088,2880.340088,3520500000
22801,2018-10-10,2873.899902,2874.02002,2784.860107,2785.679932,2785.679932,4501250000
22802,2018-10-11,2776.870117,2795.139893,2710.51001,2728.370117,2728.370117,4890630000
22803,2018-10-12,2770.540039,2775.77002,2729.439941,2767.129883,2767.129883,3966040000
22804,2018-10-15,2763.830078,2775.98999,2749.030029,2750.790039,2750.790039,3300140000
22805,2018-10-16,2767.050049,2813.459961,2766.909912,2809.919922,2809.919922,3428340000
22806,2018-10-17,2811.669922,2816.939941,2781.810059,2809.209961,2809.209961,3321710000
22807,2018-10-18,2802.0,2806.040039,2755.179932,2768.780029,2768.780029,3616440000
22808,2018-10-19,2775.659912,2797.77002,2760.27002,2767.780029,2767.780029,3566490000
22809,2018-10-22,2773.939941,2778.939941,2749.219971,2755.879883,2755.879883,3307140000
22810,2018-10-23,2721.030029,2753.590088,2691.429932,2740.689941,2740.689941,4348580000
22811,2018-10-24,2737.870117,2742.590088,2651.889893,2656.100098,2656.100098,4709310000
22812,2018-10-25,2674.879883,2722.699951,2667.840088,2705.570068,2705.570068,4634770000
22813,2018-10-26,2667.860107,2692.379883,2628.159912,2658.689941,2658.689941,4803150000
22814,2018-10-29,2682.649902,2706.850098,2603.540039,2641.25,2641.25,4673700000
22815,2018-10-30,2640.679932,2685.429932,2635.340088,2682.629883,2682.629883,5106380000
22816,2018-10-31,2705.600098,2736.689941,2705.600098,2711.73999,2711.73999,5112420000
22817,2018-11-01,2717.580078,2741.669922,2708.850098,2740.370117,2740.370117,4708420000
22818,2018-11-02,2745.449951,2756.550049,2700.439941,2723.060059,2723.060059,4237930000
22819,2018-11-05,2726.370117,2744.27002,2717.939941,2738.310059,2738.310059,3623320000
22820,2018-11-06,2738.399902,2756.820068,2737.080078,2755.449951,2755.449951,3510860000
22821,2018-11-07,2774.129883,2815.149902,2774.129883,2813.889893,2813.889893,3914750000
22822,2018-11-08,2806.379883,2814.75,2794.98999,2806.830078,2806.830078,3630490000
22823,2018-11-09,2794.100098,2794.100098,2764.23999,2781.01001,2781.01001,4019090000
22824,2018-11-12,2773.929932,2775.98999,2722.0,2726.219971,2726.219971,3670930000
22825,2018-11-13,2730.050049,2754.600098,2714.97998,2722.179932,2722.179932,4091440000
22826,2018-11-14,2737.899902,2746.800049,2685.75,2701.580078,2701.580078,4402370000
22827,2018-11-15,2693.52002,2735.379883,2670.75,2730.199951,2730.199951,4179140000
22828,2018-11-16,2718.540039,2746.75,2712.159912,2736.27002,2736.27002,3975180000
22829,2018-11-19,2730.73999,2733.159912,2681.090088,2690.72998,2690.72998,3772900000
22830,2018-11-20,2654.600098,2669.439941,2631.52002,2641.889893,2641.889893,4357900000
22831,2018-11-21,2657.73999,2670.72998,2649.820068,2649.929932,2649.929932,3233550000
22832,2018-11-23,2633.360107,2647.550049,2631.090088,2632.560059,2632.560059,1651650000
22833,2018-11-26,2649.969971,2674.350098,2649.969971,2673.449951,2673.449951,3443950000
22834,2018-11-27,2663.75,2682.530029,2655.889893,2682.169922,2682.169922,3485220000
22835,2018-11-28,2691.449951,2744.0,2684.379883,2743.790039,2743.790039,3951670000
22836,2018-11-29,2736.969971,2753.75,2722.939941,2737.800049,2737.800049,3560770000
22837,2018-11-30,2737.76001,2760.879883,2732.76001,2760.169922,2760.169922,4658580000
22838,2018-12-03,2790.5,2800.179932,2773.379883,2790.370117,2790.370117,4186060000
22839,2018-12-04,2782.429932,2785.929932,2697.179932,2700.060059,2700.060059,4499840000
22840,2018-12-06,2663.51001,2696.149902,2621.530029,2695.949951,2695.949951,5141470000
22841,2018-12-07,2691.26001,2708.540039,2623.139893,2633.080078,2633.080078,4216690000
22842,2018-12-10,2630.860107,2647.51001,2583.22998,2637.719971,2637.719971,4151030000
22843,2018-12-11,2664.439941,2674.350098,2621.300049,2636.780029,2636.780029,3905870000
22844,2018-12-12,2658.22998,2685.439941,2650.26001,2651.070068,2651.070068,3958890000
22845,2018-12-13,2658.699951,2670.189941,2637.27002,2650.540039,2650.540039,3927720000
22846,2018-12-14,2629.679932,2635.070068,2593.840088,2599.949951,2599.949951,4035020000
22847,2018-12-17,2590.75,2601.129883,2530.540039,2545.939941,2545.939941,4616350000
22848,2018-12-18,2559.899902,2573.98999,2528.709961,2546.159912,2546.159912,4470880000
22849,2018-12-19,2547.050049,2585.290039,2488.959961,2506.959961,2506.959961,5127940000
22850,2018-12-20,2496.77002,2509.629883,2441.179932,2467.419922,2467.419922,5585780000
22851,2018-12-21,2465.379883,2504.409912,2408.550049,2416.620117,2416.620117,7609010000
22852,2018-12-24,2400.560059,2410.340088,2351.100098,2351.100098,2351.100098,2613930000
22853,2018-12-26,2363.120117,2467.76001,2346.580078,2467.699951,2467.699951,4233990000
22854,2018-12-27,2442.5,2489.100098,2397.939941,2488.830078,2488.830078,4096610000
22855,2018-12-28,2498.77002,2520.27002,2472.889893,2485.73999,2485.73999,3702620000
22856,2018-12-31,2498.939941,2509.23999,2482.820068,2506.850098,2506.850098,3442870000
22857,2019-01-02,2476.959961,2519.48999,2467.469971,2510.030029,2510.030029,3733160000
22858,2019-01-03,2491.919922,2493.139893,2443.959961,2447.889893,2447.889893,3822860000
22859,2019-01-04,2474.330078,2538.070068,2474.330078,2531.939941,2531.939941,4213410000
22860,2019-01-07,2535.610107,2566.159912,2524.560059,2549.689941,2549.689941,4104710000
22861,2019-01-08,2568.110107,2579.820068,2547.560059,2574.409912,2574.409912,4083030000
22862,2019-01-09,2580.0,2595.320068,2568.889893,2584.959961,2584.959961,4052480000
22863,2019-01-10,2573.51001,2597.820068,2562.02002,2596.639893,2596.639893,3704500000
22864,2019-01-11,2588.110107,2596.27002,2577.399902,2596.26001,2596.26001,3434490000
22865,2019-01-14,2580.310059,2589.320068,2570.409912,2582.610107,2582.610107,3664450000
22866,2019-01-15,2585.100098,2613.080078,2585.100098,2610.300049,2610.300049,3572330000
22867,2019-01-16,2614.75,2625.76001,2612.679932,2616.100098,2616.100098,3863770000
22868,2019-01-17,2609.280029,2645.060059,2606.360107,2635.959961,2635.959961,3772270000
22869,2019-01-18,2651.27002,2675.469971,2647.580078,2670.709961,2670.709961,3986730000
22870,2019-01-22,2657.879883,2657.879883,2617.27002,2632.899902,2632.899902,3908030000
22871,2019-01-23,2643.47998,2653.189941,2612.860107,2638.699951,2638.699951,3335610000
22872,2019-01-24,2638.840088,2647.199951,2627.01001,2642.330078,2642.330078,3433250000
22873,2019-01-25,2657.439941,2672.379883,2657.330078,2664.76001,2664.76001,3814080000
22874,2019-01-28,2644.969971,2644.969971,2624.060059,2643.850098,2643.850098,3612810000
22875,2019-01-29,2644.889893,2650.929932,2631.050049,2640.0,2640.0,3504200000
22876,2019-01-30,2653.620117,2690.439941,2648.340088,2681.050049,2681.050049,3867810000
22877,2019-01-31,2685.48999,2708.949951,2678.649902,2704.100098,2704.100098,4917650000
22878,2019-02-01,2702.320068,2716.659912,2696.879883,2706.530029,2706.530029,3759270000
22879,2019-02-04,2706.48999,2724.98999,2698.75,2724.870117,2724.870117,3359840000
22880,2019-02-05,2728.340088,2738.97998,2724.030029,2737.699951,2737.699951,3560430000
22881,2019-02-06,2735.050049,2738.080078,2724.149902,2731.610107,2731.610107,3472690000
22882,2019-02-07,2717.530029,2719.320068,2687.26001,2706.050049,2706.050049,4099490000
22883,2019-02-08,2692.360107,2708.070068,2681.830078,2707.879883,2707.879883,3622330000
22884,2019-02-11,2712.399902,2718.050049,2703.790039,2709.800049,2709.800049,3361970000
22885,2019-02-12,2722.610107,2748.189941,2722.610107,2744.72998,2744.72998,3827770000
22886,2019-02-13,2750.300049,2761.850098,2748.629883,2753.030029,2753.030029,3670770000
22887,2019-02-14,2743.5,2757.899902,2731.22998,2745.72998,2745.72998,3836700000
22888,2019-02-15,2760.23999,2775.659912,2760.23999,2775.600098,2775.600098,3641370000
22889,2019-02-19,2769.280029,2787.330078,2767.290039,2779.76001,2779.76001,3533710000
22890,2019-02-20,2779.050049,2789.879883,2774.060059,2784.699951,2784.699951,3835450000
22891,2019-02-21,2780.23999,2781.580078,2764.550049,2774.879883,2774.879883,3559710000
22892,2019-02-22,2780.669922,2794.199951,2779.110107,2792.669922,2792.669922,3427810000
22893,2019-02-25,2804.350098,2813.48999,2794.98999,2796.110107,2796.110107,3804380000
22894,2019-02-26,2792.360107,2803.120117,2789.469971,2793.899902,2793.899902,3645680000
22895,2019-02-27,2787.5,2795.76001,2775.129883,2792.379883,2792.379883,3767130000
22896,2019-02-28,2788.110107,2793.72998,2782.51001,2784.48999,2784.48999,4396930000
22897,2019-03-01,2798.219971,2808.02002,2787.379883,2803.689941,2803.689941,3972280000
22898,2019-03-04,2814.370117,2816.879883,2767.659912,2792.810059,2792.810059,3919810000
22899,2019-03-05,2794.409912,2796.439941,2782.969971,2789.649902,2789.649902,3585690000
22900,2019-03-06,2790.27002,2790.27002,2768.689941,2771.449951,2771.449951,3786600000
22901,2019-03-07,2766.530029,2767.25,2739.090088,2748.929932,2748.929932,3904860000
22902,2019-03-08,2730.790039,2744.129883,2722.27002,2743.070068,2743.070068,3423130000
22903,2019-03-11,2747.610107,2784.0,2747.610107,2783.300049,2783.300049,3749030000
22904,2019-03-12,2787.340088,2798.320068,2786.72998,2791.52002,2791.52002,3414230000
22905,2019-03-13,2799.780029,2821.23999,2799.780029,2810.919922,2810.919922,3766150000
22906,2019-03-14,2810.379883,2815.0,2803.459961,2808.47998,2808.47998,3469730000
22907,2019-03-15,2810.790039,2830.72998,2810.790039,2822.47998,2822.47998,5962730000
22908,2019-03-18,2822.610107,2835.409912,2821.98999,2832.939941,2832.939941,3552190000
22909,2019-03-19,2840.76001,2852.419922,2823.27002,2832.570068,2832.570068,3620220000
22910,2019-03-20,2831.340088,2843.540039,2812.429932,2824.22998,2824.22998,3771200000
22911,2019-03-21,2819.719971,2860.310059,2817.379883,2854.879883,2854.879883,3546800000
22912,2019-03-22,2844.52002,2846.159912,2800.469971,2800.709961,2800.709961,4237200000
22913,2019-03-25,2796.01001,2809.790039,2785.02002,2798.360107,2798.360107,3376580000
22914,2019-03-26,2812.659912,2829.870117,2803.98999,2818.459961,2818.459961,3266050000
22915,2019-03-27,2819.719971,2825.560059,2787.719971,2805.370117,2805.370117,3372930000
22916,2019-03-28,2809.399902,2819.709961,2798.77002,2815.439941,2815.439941,3158170000
22917,2019-03-29,2828.27002,2836.030029,2819.22998,2834.399902,2834.399902,3740700000
22918,2019-04-01,2848.629883,2869.399902,2848.629883,2867.189941,2867.189941,3500760000
22919,2019-04-02,2868.23999,2872.899902,2858.75,2867.23999,2867.23999,3246900000
22920,2019-04-03,2876.090088,2885.25,2865.169922,2873.399902,2873.399902,3550240000
22921,2019-04-04,2873.98999,2881.280029,2867.139893,2879.389893,2879.389893,3015180000
22922,2019-04-05,2884.159912,2893.23999,2882.98999,2892.73999,2892.73999,3146820000
22923,2019-04-08,2888.459961,2895.949951,2880.780029,2895.77002,2895.77002,3054030000
22924,2019-04-09,2886.580078,2886.879883,2873.330078,2878.199951,2878.199951,3007980000
22925,2019-04-10,2881.370117,2889.709961,2879.129883,2888.209961,2888.209961,3062380000
22926,2019-04-11,2891.919922,2893.419922,2881.98999,2888.320068,2888.320068,2938540000
22927,2019-04-12,2900.860107,2910.540039,2898.370117,2907.409912,2907.409912,3688490000
22928,2019-04-15,2908.320068,2909.600098,2896.47998,2905.580078,2905.580078,3088330000
22929,2019-04-16,2912.26001,2916.060059,2900.709961,2907.060059,2907.060059,3402210000
22930,2019-04-17,2916.040039,2918.0,2895.449951,2900.449951,2900.449951,3602300000
22931,2019-04-18,2904.810059,2908.399902,2891.899902,2905.030029,2905.030029,3506850000
22932,2019-04-22,2898.780029,2909.51001,2896.350098,2907.969971,2907.969971,2997950000
22933,2019-04-23,2909.98999,2936.310059,2908.530029,2933.679932,2933.679932,3635030000
22934,2019-04-24,2934.0,2936.830078,2926.050049,2927.25,2927.25,3448960000
22935,2019-04-25,2928.98999,2933.100098,2912.840088,2926.169922,2926.169922,3425280000
22936,2019-04-26,2925.810059,2939.879883,2917.560059,2939.879883,2939.879883,3248500000
22937,2019-04-29,2940.580078,2949.52002,2939.350098,2943.030029,2943.030029,3118780000
22938,2019-04-30,2937.139893,2948.219971,2924.110107,2945.830078,2945.830078,3919330000
22939,2019-05-01,2952.330078,2954.129883,2923.360107,2923.72998,2923.72998,3645850000
22940,2019-05-02,2922.159912,2931.679932,2900.5,2917.52002,2917.52002,3778890000
22941,2019-05-03,2929.209961,2947.850098,2929.209961,2945.639893,2945.639893,3338120000
22942,2019-05-06,2908.889893,2937.320068,2898.209961,2932.469971,2932.469971,3181520000
22943,2019-05-07,2913.030029,2913.030029,2862.600098,2884.050049,2884.050049,3767100000
22944,2019-05-08,2879.610107,2897.959961,2873.280029,2879.419922,2879.419922,3485790000
22945,2019-05-09,2859.840088,2875.969971,2836.399902,2870.719971,2870.719971,3638820000
22946,2019-05-10,2863.100098,2891.310059,2825.389893,2881.399902,2881.399902,3529600000
22947,2019-05-13,2840.189941,2840.189941,2801.429932,2811.870117,2811.870117,3894030000
22948,2019-05-14,2820.120117,2852.540039,2820.120117,2834.409912,2834.409912,3322720000
22949,2019-05-15,2820.379883,2858.679932,2815.080078,2850.959961,2850.959961,3125950000
22950,2019-05-16,2855.800049,2892.149902,2855.800049,2876.320068,2876.320068,3338060000
22951,2019-05-17,2858.600098,2885.47998,2854.22998,2859.530029,2859.530029,3257950000
22952,2019-05-20,2841.939941,2853.860107,2831.290039,2840.22998,2840.22998,3288870000
22953,2019-05-21,2854.02002,2868.879883,2854.02002,2864.360107,2864.360107,3218700000
22954,2019-05-22,2856.060059,2865.469971,2851.110107,2856.27002,2856.27002,3192510000
22955,2019-05-23,2836.699951,2836.699951,2805.48999,2822.23999,2822.23999,3891980000
22956,2019-05-24,2832.409912,2841.360107,2820.189941,2826.060059,2826.060059,2887390000
22957,2019-05-28,2830.030029,2840.51001,2801.580078,2802.389893,2802.389893,4121410000
22958,2019-05-29,2790.25,2792.030029,2766.060059,2783.02002,2783.02002,3700050000
22959,2019-05-30,2786.939941,2799.0,2776.73999,2788.860107,2788.860107,3273790000
22960,2019-05-31,2766.149902,2768.97998,2750.52002,2752.060059,2752.060059,3981020000
22961,2019-06-03,2751.530029,2763.070068,2728.810059,2744.449951,2744.449951,3943810000
22962,2019-06-04,2762.639893,2804.48999,2762.639893,2803.27002,2803.27002,3810430000
22963,2019-06-05,2818.090088,2827.280029,2800.919922,2826.149902,2826.149902,3548830000
22964,2019-06-06,2828.51001,2852.100098,2822.449951,2843.48999,2843.48999,3396410000
22965,2019-06-07,2852.870117,2884.969971,2852.870117,2873.340088,2873.340088,3220250000
22966,2019-06-10,2885.830078,2904.77002,2885.51001,2886.72998,2886.72998,3209210000
22967,2019-06-11,2903.27002,2910.610107,2878.530029,2885.719971,2885.719971,3548420000
22968,2019-06-12,2882.72998,2888.570068,2874.679932,2879.840088,2879.840088,3034130000
22969,2019-06-13,2886.23999,2895.23999,2881.98999,2891.639893,2891.639893,3069810000
22970,2019-06-14,2886.820068,2894.449951,2879.620117,2886.97998,2886.97998,2922330000
22971,2019-06-17,2889.75,2897.27002,2887.300049,2889.669922,2889.669922,2810140000
22972,2019-06-18,2906.709961,2930.790039,2905.439941,2917.75,2917.75,3437620000
22973,2019-06-19,2920.550049,2931.73999,2911.429932,2926.459961,2926.459961,3287890000
22974,2019-06-20,2949.600098,2958.060059,2931.5,2954.179932,2954.179932,3905940000
22975,2019-06-21,2952.709961,2964.149902,2946.870117,2950.459961,2950.459961,5000120000
22976,2019-06-24,2951.419922,2954.919922,2944.050049,2945.350098,2945.350098,3136250000
22977,2019-06-25,2945.780029,2946.52002,2916.01001,2917.379883,2917.379883,3578050000
22978,2019-06-26,2926.070068,2932.590088,2912.98999,2913.780029,2913.780029,3478130000
22979,2019-06-27,2919.659912,2929.300049,2918.570068,2924.919922,2924.919922,3122920000
22980,2019-06-28,2932.939941,2943.97998,2929.050049,2941.76001,2941.76001,5420700000
22981,2019-07-01,2971.409912,2977.929932,2952.219971,2964.330078,2964.330078,3513270000
22982,2019-07-02,2964.659912,2973.209961,2955.919922,2973.01001,2973.01001,3206840000
22983,2019-07-03,2978.080078,2995.840088,2977.959961,2995.820068,2995.820068,1963720000
22984,2019-07-05,2984.25,2994.030029,2967.969971,2990.409912,2990.409912,2434210000
22985,2019-07-08,2979.77002,2980.76001,2970.090088,2975.949951,2975.949951,2904550000
22986,2019-07-09,2965.52002,2981.899902,2963.439941,2979.629883,2979.629883,3028210000
22987,2019-07-10,2989.300049,3002.97998,2984.620117,2993.070068,2993.070068,3154240000
22988,2019-07-11,2999.620117,3002.330078,2988.800049,2999.909912,2999.909912,3154620000
22989,2019-07-12,3003.360107,3013.919922,3001.870117,3013.77002,3013.77002,2974960000
22990,2019-07-15,3017.800049,3017.800049,3008.77002,3014.300049,3014.300049,2874970000
22991,2019-07-16,3012.129883,3015.02002,3001.149902,3004.040039,3004.040039,3290650000
22992,2019-07-17,3005.100098,3005.26001,2984.25,2984.419922,2984.419922,3181600000
22993,2019-07-18,2978.870117,2998.280029,2973.090088,2995.110107,2995.110107,3296580000
22994,2019-07-19,3004.26001,3006.02002,2975.860107,2976.610107,2976.610107,3260360000
22995,2019-07-22,2981.929932,2990.709961,2976.649902,2985.030029,2985.030029,3003720000
22996,2019-07-23,2994.73999,3005.899902,2988.560059,3005.469971,3005.469971,3313660000
22997,2019-07-24,2998.77002,3019.590088,2996.820068,3019.560059,3019.560059,3428980000
22998,2019-07-25,3016.26001,3016.310059,2997.23999,3003.669922,3003.669922,3645270000
22999,2019-07-26,3013.25,3027.97998,3012.590088,3025.860107,3025.860107,3257590000
23000,2019-07-29,3024.469971,3025.610107,3014.300049,3020.969971,3020.969971,3203710000
23001,2019-07-30,3007.659912,3017.189941,3000.939941,3013.179932,3013.179932,3634330000
23002,2019-07-31,3016.219971,3017.399902,2958.080078,2980.379883,2980.379883,4623430000
23003,2019-08-01,2980.320068,3013.590088,2945.22998,2953.560059,2953.560059,4762300000
23004,2019-08-02,2943.899902,2945.5,2914.110107,2932.050049,2932.050049,3874660000
23005,2019-08-05,2898.070068,2898.070068,2822.120117,2844.73999,2844.73999,4513730000
23006,2019-08-06,2861.179932,2884.399902,2847.419922,2881.77002,2881.77002,4154240000
23007,2019-08-07,2858.649902,2892.169922,2825.709961,2883.97998,2883.97998,4491750000
23008,2019-08-08,2896.209961,2938.719971,2894.469971,2938.090088,2938.090088,4106370000
23009,2019-08-09,2930.51001,2935.75,2900.149902,2918.649902,2918.649902,3350640000
23010,2019-08-12,2907.070068,2907.580078,2873.139893,2882.699951,2882.699951,2851630000
23011,2019-08-13,2880.719971,2943.310059,2877.050049,2926.320068,2926.320068,3853600000
23012,2019-08-14,2894.149902,2894.149902,2839.639893,2840.600098,2840.600098,4312530000
23013,2019-08-15,2846.199951,2856.669922,2825.51001,2847.600098,2847.600098,4038000000
23014,2019-08-16,2864.73999,2893.629883,2864.73999,2888.679932,2888.679932,3498150000
23015,2019-08-19,2913.47998,2931.0,2913.47998,2923.649902,2923.649902,3212880000
23016,2019-08-20,2919.01001,2923.629883,2899.600098,2900.51001,2900.51001,3066300000
23017,2019-08-21,2922.040039,2928.72998,2917.909912,2924.429932,2924.429932,3011190000
23018,2019-08-22,2930.939941,2939.080078,2904.51001,2922.949951,2922.949951,2890880000
23019,2019-08-23,2911.070068,2927.01001,2834.969971,2847.110107,2847.110107,3937300000
23020,2019-08-26,2866.699951,2879.27002,2856.0,2878.379883,2878.379883,2857600000
23021,2019-08-27,2893.139893,2898.790039,2860.590088,2869.159912,2869.159912,3533630000
23022,2019-08-28,2861.280029,2890.030029,2853.050049,2887.939941,2887.939941,3097420000
23023,2019-08-29,2910.370117,2930.5,2905.669922,2924.580078,2924.580078,3176190000
23024,2019-08-30,2937.090088,2940.429932,2913.320068,2926.459961,2926.459961,3008450000
23025,2019-09-03,2909.01001,2914.389893,2891.850098,2906.27002,2906.27002,3426790000
23026,2019-09-04,2924.669922,2938.840088,2921.860107,2937.780029,2937.780029,3163260000
23027,2019-09-05,2960.600098,2985.860107,2960.600098,2976.0,2976.0,3890700000
23028,2019-09-06,2980.330078,2985.030029,2972.51001,2978.709961,2978.709961,3208280000
23029,2019-09-09,2988.429932,2989.429932,2969.389893,2978.429932,2978.429932,4002890000
23030,2019-09-10,2971.01001,2979.389893,2957.01001,2979.389893,2979.389893,4390770000
23031,2019-09-11,2981.409912,3000.929932,2975.310059,3000.929932,3000.929932,3927550000
23032,2019-09-12,3009.080078,3020.73999,3000.919922,3009.570068,3009.570068,3791860000
23033,2019-09-13,3012.209961,3017.330078,3002.899902,3007.389893,3007.389893,3520060000
23034,2019-09-16,2996.409912,3002.189941,2990.669922,2997.959961,2997.959961,4274640000
23035,2019-09-17,2995.669922,3006.209961,2993.72998,3005.699951,3005.699951,3671840000
23036,2019-09-18,3001.5,3007.830078,2978.570068,3006.72998,3006.72998,3435540000
23037,2019-09-19,3010.360107,3021.98999,3003.159912,3006.790039,3006.790039,3251290000
23038,2019-09-20,3008.419922,3016.370117,2984.679932,2992.070068,2992.070068,6094740000
23039,2019-09-23,2983.5,2999.149902,2982.22998,2991.780029,2991.780029,3186590000
23040,2019-09-24,3002.429932,3007.97998,2957.72998,2966.600098,2966.600098,3868160000
23041,2019-09-25,2968.350098,2989.820068,2952.860107,2984.870117,2984.870117,3318870000
23042,2019-09-26,2985.72998,2987.280029,2963.709961,2977.620117,2977.620117,3077240000
23043,2019-09-27,2985.469971,2987.310059,2945.530029,2961.790039,2961.790039,3243650000
23044,2019-09-30,2967.070068,2983.850098,2967.070068,2976.73999,2976.73999,3247610000
23045,2019-10-01,2983.689941,2992.530029,2938.699951,2940.25,2940.25,3558040000
23046,2019-10-02,2924.780029,2924.780029,2874.929932,2887.610107,2887.610107,3912520000
23047,2019-10-03,2885.379883,2911.129883,2855.939941,2910.629883,2910.629883,3503640000
23048,2019-10-04,2918.560059,2953.73999,2918.560059,2952.01001,2952.01001,2990830000
23049,2019-10-07,2944.22998,2959.75,2935.679932,2938.790039,2938.790039,2940140000
23050,2019-10-08,2920.399902,2925.469971,2892.659912,2893.060059,2893.060059,3356450000
23051,2019-10-09,2911.100098,2929.320068,2907.409912,2919.399902,2919.399902,2726820000
23052,2019-10-10,2918.550049,2948.459961,2917.120117,2938.129883,2938.129883,3217250000
23053,2019-10-11,2963.070068,2993.280029,2963.070068,2970.27002,2970.27002,3580460000
23054,2019-10-14,2965.810059,2972.840088,2962.939941,2966.149902,2966.149902,2557020000
23055,2019-10-15,2973.610107,3003.280029,2973.610107,2995.679932,2995.679932,3340740000
23056,2019-10-16,2989.679932,2997.540039,2985.199951,2989.689941,2989.689941,3222570000
23057,2019-10-17,3000.77002,3008.290039,2991.790039,2997.949951,2997.949951,3115960000
23058,2019-10-18,2996.840088,3000.0,2976.310059,2986.199951,2986.199951,3264290000
23059,2019-10-21,2996.47998,3007.330078,2995.350098,3006.719971,3006.719971,3271620000
23060,2019-10-22,3010.72998,3014.570068,2995.040039,2995.98999,2995.98999,3523890000
23061,2019-10-23,2994.01001,3004.780029,2991.209961,3004.52002,3004.52002,3392870000
23062,2019-10-24,3014.780029,3016.070068,3000.419922,3010.290039,3010.290039,3692600000
23063,2019-10-25,3003.320068,3027.389893,3001.939941,3022.550049,3022.550049,3370370000
23064,2019-10-28,3032.120117,3044.080078,3032.120117,3039.419922,3039.419922,3521230000
23065,2019-10-29,3035.389893,3047.870117,3034.810059,3036.889893,3036.889893,3589930000
23066,2019-10-30,3039.73999,3050.100098,3025.959961,3046.77002,3046.77002,3776030000
23067,2019-10-31,3046.899902,3046.899902,3023.189941,3037.560059,3037.560059,4139280000
23068,2019-11-01,3050.719971,3066.949951,3050.719971,3066.909912,3066.909912,3930200000
23069,2019-11-04,3078.959961,3085.199951,3074.870117,3078.27002,3078.27002,4146850000
23070,2019-11-05,3080.800049,3083.949951,3072.149902,3074.620117,3074.620117,4486130000
23071,2019-11-06,3075.100098,3078.340088,3065.889893,3076.780029,3076.780029,4458190000
23072,2019-11-07,3087.02002,3097.77002,3080.22998,3085.179932,3085.179932,4144640000
23073,2019-11-08,3081.25,3093.090088,3073.580078,3093.080078,3093.080078,3499150000
23074,2019-11-11,3080.330078,3088.330078,3075.820068,3087.01001,3087.01001,3035530000
23075,2019-11-12,3089.280029,3102.610107,3084.72998,3091.840088,3091.840088,3466010000
23076,2019-11-13,3084.179932,3098.060059,3078.800049,3094.040039,3094.040039,3509280000
23077,2019-11-14,3090.75,3098.199951,3083.26001,3096.629883,3096.629883,3276070000
23078,2019-11-15,3107.919922,3120.459961,3104.600098,3120.459961,3120.459961,3335650000
23079,2019-11-18,3117.909912,3124.169922,3112.060059,3122.030029,3122.030029,3436690000
23080,2019-11-19,3127.449951,3127.639893,3113.469971,3120.179932,3120.179932,3590070000
23081,2019-11-20,3114.659912,3118.969971,3091.409912,3108.459961,3108.459961,4034890000
23082,2019-11-21,3108.48999,3110.110107,3094.550049,3103.540039,3103.540039,3720560000
23083,2019-11-22,3111.409912,3112.870117,3099.26001,3110.290039,3110.290039,3226780000
23084,2019-11-25,3117.439941,3133.830078,3117.439941,3133.639893,3133.639893,3511530000
23085,2019-11-26,3134.850098,3142.689941,3131.0,3140.52002,3140.52002,4595590000
23086,2019-11-27,3145.48999,3154.26001,3143.409912,3153.629883,3153.629883,3033090000
23087,2019-11-29,3147.179932,3150.300049,3139.340088,3140.97998,3140.97998,1743020000
23088,2019-12-02,3143.850098,3144.310059,3110.780029,3113.870117,3113.870117,3268740000
23089,2019-12-03,3087.409912,3094.969971,3070.330078,3093.199951,3093.199951,3653390000
23090,2019-12-04,3103.5,3119.379883,3102.530029,3112.76001,3112.76001,3695030000
23091,2019-12-05,3119.209961,3119.449951,3103.76001,3117.429932,3117.429932,3355750000
23092,2019-12-06,3134.620117,3150.600098,3134.620117,3145.909912,3145.909912,3479480000
23093,2019-12-09,3141.860107,3148.870117,3135.459961,3135.959961,3135.959961,3345990000
23094,2019-12-10,3135.360107,3142.120117,3126.090088,3132.52002,3132.52002,3343790000
23095,2019-12-11,3135.75,3143.97998,3133.209961,3141.629883,3141.629883,3252540000
23096,2019-12-12,3141.22998,3176.280029,3138.469971,3168.570068,3168.570068,3990690000
23097,2019-12-13,3166.649902,3182.679932,3156.51001,3168.800049,3168.800049,3736870000
23098,2019-12-16,3183.629883,3197.709961,3183.629883,3191.449951,3191.449951,4051790000
23099,2019-12-17,3195.399902,3198.219971,3191.030029,3192.52002,3192.52002,3837540000
23100,2019-12-18,3195.209961,3198.47998,3191.139893,3191.139893,3191.139893,4014080000
23101,2019-12-19,3192.320068,3205.47998,3192.320068,3205.370117,3205.370117,3720450000
23102,2019-12-20,3223.330078,3225.649902,3216.030029,3221.219971,3221.219971,6454270000
23103,2019-12-23,3226.050049,3227.780029,3222.300049,3224.01001,3224.01001,3060610000
23104,2019-12-24,3225.449951,3226.429932,3220.51001,3223.379883,3223.379883,1296540000
23105,2019-12-26,3227.199951,3240.080078,3227.199951,3239.909912,3239.909912,2160680000
23106,2019-12-27,3247.22998,3247.929932,3234.370117,3240.02002,3240.02002,2428670000
23107,2019-12-30,3240.090088,3240.919922,3216.570068,3221.290039,3221.290039,3013290000
23108,2019-12-31,3215.179932,3231.719971,3212.030029,3230.780029,3230.780029,2893810000
23109,2020-01-02,3244.669922,3258.139893,3235.530029,3257.850098,3257.850098,3458250000
23110,2020-01-03,3226.360107,3246.149902,3222.340088,3234.850098,3234.850098,3461290000
23111,2020-01-06,3217.550049,3246.840088,3214.639893,3246.280029,3246.280029,3674070000
23112,2020-01-07,3241.860107,3244.909912,3232.429932,3237.179932,3237.179932,3420380000
23113,2020-01-08,3238.590088,3267.070068,3236.669922,3253.050049,3253.050049,3720890000
23114,2020-01-09,3266.030029,3275.580078,3263.669922,3274.699951,3274.699951,3638390000
23115,2020-01-10,3281.810059,3282.98999,3260.860107,3265.350098,3265.350098,3212970000
23116,2020-01-13,3271.129883,3288.129883,3268.429932,3288.129883,3288.129883,3456380000
23117,2020-01-14,3285.350098,3294.25,3277.189941,3283.149902,3283.149902,3665130000
23118,2020-01-15,3282.27002,3298.659912,3280.689941,3289.290039,3289.290039,3716840000
23119,2020-01-16,3302.969971,3317.110107,3302.820068,3316.810059,3316.810059,3535080000
23120,2020-01-17,3323.659912,3329.879883,3318.860107,3329.620117,3329.620117,3698170000
23121,2020-01-21,3321.030029,3329.790039,3316.610107,3320.790039,3320.790039,4105340000
23122,2020-01-22,3330.02002,3337.77002,3320.040039,3321.75,3321.75,3619850000
23123,2020-01-23,3315.77002,3326.879883,3301.870117,3325.540039,3325.540039,3764860000
23124,2020-01-24,3333.100098,3333.179932,3281.530029,3295.469971,3295.469971,3707130000
23125,2020-01-27,3247.159912,3258.850098,3234.5,3243.629883,3243.629883,3823100000
23126,2020-01-28,3255.350098,3285.780029,3253.219971,3276.23999,3276.23999,3526720000
23127,2020-01-29,3289.459961,3293.469971,3271.889893,3273.399902,3273.399902,3584500000
23128,2020-01-30,3256.449951,3285.909912,3242.800049,3283.659912,3283.659912,3787250000
23129,2020-01-31,3282.330078,3282.330078,3214.679932,3225.52002,3225.52002,4527830000
23130,2020-02-03,3235.659912,3268.439941,3235.659912,3248.919922,3248.919922,3757910000
23131,2020-02-04,3280.610107,3306.919922,3280.610107,3297.590088,3297.590088,3995320000
23132,2020-02-05,3324.909912,3337.580078,3313.75,3334.689941,3334.689941,4117730000
23133,2020-02-06,3344.919922,3347.959961,3334.389893,3345.780029,3345.780029,3868370000
23134,2020-02-07,3335.540039,3341.419922,3322.120117,3327.709961,3327.709961,3730650000
23135,2020-02-10,3318.280029,3352.26001,3317.77002,3352.090088,3352.090088,3450350000
23136,2020-02-11,3365.870117,3375.629883,3352.719971,3357.75,3357.75,3760550000
23137,2020-02-12,3370.5,3381.469971,3369.719971,3379.449951,3379.449951,3926380000
23138,2020-02-13,3365.899902,3385.090088,3360.52002,3373.939941,3373.939941,3498240000
23139,2020-02-14,3378.080078,3380.689941,3366.149902,3380.159912,3380.159912,3398040000
23140,2020-02-18,3369.040039,3375.01001,3355.610107,3370.290039,3370.290039,3746720000
23141,2020-02-19,3380.389893,3393.52002,3378.830078,3386.149902,3386.149902,3600150000
23142,2020-02-20,3380.449951,3389.149902,3341.02002,3373.22998,3373.22998,4007320000
23143,2020-02-21,3360.5,3360.76001,3328.449951,3337.75,3337.75,3899270000
23144,2020-02-24,3257.610107,3259.810059,3214.649902,3225.889893,3225.889893,4842960000
23145,2020-02-25,3238.939941,3246.98999,3118.77002,3128.209961,3128.209961,5591510000
23146,2020-02-26,3139.899902,3182.51001,3108.98999,3116.389893,3116.389893,5478110000
23147,2020-02-27,3062.540039,3097.070068,2977.389893,2978.76001,2978.76001,7058840000
23148,2020-02-28,2916.899902,2959.719971,2855.840088,2954.219971,2954.219971,8563850000
23149,2020-03-02,2974.280029,3090.959961,2945.189941,3090.22998,3090.22998,6376400000
23150,2020-03-03,3096.459961,3136.719971,2976.629883,3003.370117,3003.370117,6355940000
23151,2020-03-04,3045.75,3130.969971,3034.379883,3130.120117,3130.120117,5035480000
23152,2020-03-05,3075.699951,3083.040039,2999.830078,3023.939941,3023.939941,5575550000
23153,2020-03-06,2954.199951,2985.929932,2901.540039,2972.370117,2972.370117,6552140000
23154,2020-03-09,2863.889893,2863.889893,2734.429932,2746.560059,2746.560059,8423050000
23155,2020-03-10,2813.47998,2882.590088,2734.0,2882.22998,2882.22998,7635960000
23156,2020-03-11,2825.600098,2825.600098,2707.219971,2741.379883,2741.379883,7374110000
23157,2020-03-12,2630.860107,2660.949951,2478.860107,2480.639893,2480.639893,8829380000
23158,2020-03-13,2569.98999,2711.330078,2492.370117,2711.02002,2711.02002,8258670000
23159,2020-03-16,2508.590088,2562.97998,2380.939941,2386.129883,2386.129883,7781540000
23160,2020-03-17,2425.659912,2553.929932,2367.040039,2529.189941,2529.189941,8358500000
23161,2020-03-18,2436.5,2453.570068,2280.52002,2398.100098,2398.100098,8755780000
23162,2020-03-19,2393.47998,2466.969971,2319.780029,2409.389893,2409.389893,7946710000
23163,2020-03-20,2431.939941,2453.01001,2295.560059,2304.919922,2304.919922,9044690000
23164,2020-03-23,2290.709961,2300.72998,2191.860107,2237.399902,2237.399902,7402180000
23165,2020-03-24,2344.439941,2449.709961,2344.439941,2447.330078,2447.330078,7547350000
23166,2020-03-25,2457.77002,2571.419922,2407.530029,2475.560059,2475.560059,8285670000
23167,2020-03-26,2501.290039,2637.01001,2500.719971,2630.070068,2630.070068,7753160000
23168,2020-03-27,2555.870117,2615.909912,2520.02002,2541.469971,2541.469971,6194330000
23169,2020-03-30,2558.97998,2631.800049,2545.280029,2626.649902,2626.649902,5746220000
23170,2020-03-31,2614.689941,2641.389893,2571.149902,2584.590088,2584.590088,6568290000
23171,2020-04-01,2498.080078,2522.75,2447.48999,2470.5,2470.5,5947900000
23172,2020-04-02,2458.540039,2533.219971,2455.790039,2526.899902,2526.899902,6454990000
23173,2020-04-03,2514.919922,2538.179932,2459.959961,2488.649902,2488.649902,6087190000
23174,2020-04-06,2578.280029,2676.850098,2574.570068,2663.679932,2663.679932,6391860000
23175,2020-04-07,2738.649902,2756.889893,2657.669922,2659.409912,2659.409912,7040720000
23176,2020-04-08,2685.0,2760.75,2663.300049,2749.97998,2749.97998,5856370000
23177,2020-04-09,2776.98999,2818.570068,2762.360107,2789.820068,2789.820068,7880140000
23178,2020-04-13,2782.459961,2782.459961,2721.169922,2761.629883,2761.629883,5274310000
23179,2020-04-14,2805.100098,2851.850098,2805.100098,2846.060059,2846.060059,5567400000
23180,2020-04-15,2795.639893,2801.879883,2761.540039,2783.360107,2783.360107,5203390000
23181,2020-04-16,2799.340088,2806.51001,2764.320068,2799.550049,2799.550049,5179990000
23182,2020-04-17,2842.429932,2879.219971,2830.879883,2874.560059,2874.560059,5792140000
23183,2020-04-20,2845.620117,2868.97998,2820.429932,2823.159912,2823.159912,5220160000
23184,2020-04-21,2784.810059,2785.540039,2727.100098,2736.560059,2736.560059,5075830000
23185,2020-04-22,2787.889893,2815.100098,2775.949951,2799.310059,2799.310059,5049660000
23186,2020-04-23,2810.419922,2844.899902,2794.26001,2797.800049,2797.800049,5756520000
23187,2020-04-24,2812.639893,2842.709961,2791.76001,2836.73999,2836.73999,5374480000
23188,2020-04-27,2854.649902,2887.719971,2852.889893,2878.47998,2878.47998,5194260000
23189,2020-04-28,2909.959961,2921.149902,2860.709961,2863.389893,2863.389893,5672880000
23190,2020-04-29,2918.459961,2954.860107,2912.159912,2939.51001,2939.51001,6620140000
23191,2020-04-30,2930.909912,2930.909912,2892.469971,2912.429932,2912.429932,6523120000
23192,2020-05-01,2869.090088,2869.090088,2821.610107,2830.709961,2830.709961,4753160000
23193,2020-05-04,2815.01001,2844.23999,2797.850098,2842.73999,2842.73999,4723140000
23194,2020-05-05,2868.879883,2898.22998,2863.550049,2868.439941,2868.439941,5129590000
23195,2020-05-06,2883.139893,2891.110107,2847.649902,2848.419922,2848.419922,4861920000
23196,2020-05-07,2878.26001,2901.919922,2876.47998,2881.189941,2881.189941,5164640000
23197,2020-05-08,2908.830078,2932.159912,2902.879883,2929.800049,2929.800049,4857160000
23198,2020-05-11,2915.459961,2944.25,2903.439941,2930.189941,2930.189941,4807320000
23199,2020-05-12,2939.5,2945.820068,2869.590088,2870.120117,2870.120117,5107710000
23200,2020-05-13,2865.860107,2874.139893,2793.149902,2820.0,2820.0,6143130000
23201,2020-05-14,2794.540039,2852.800049,2766.639893,2852.5,2852.5,5641920000
23202,2020-05-15,2829.949951,2865.01001,2816.780029,2863.699951,2863.699951,5477040000
23203,2020-05-18,2913.860107,2968.090088,2913.860107,2953.909912,2953.909912,6364290000
23204,2020-05-19,2948.590088,2964.209961,2922.350098,2922.939941,2922.939941,4969330000
23205,2020-05-20,2953.629883,2980.290039,2953.629883,2971.610107,2971.610107,4992970000
23206,2020-05-21,2969.949951,2978.5,2938.570068,2948.51001,2948.51001,4966940000
23207,2020-05-22,2948.050049,2956.76001,2933.590088,2955.449951,2955.449951,3952800000
23208,2020-05-26,3004.080078,3021.719971,2988.169922,2991.77002,2991.77002,5837060000
23209,2020-05-27,3015.649902,3036.25,2969.75,3036.129883,3036.129883,6371230000
23210,2020-05-28,3046.610107,3068.669922,3023.399902,3029.72998,3029.72998,5402670000
23211,2020-05-29,3025.169922,3049.169922,2998.610107,3044.310059,3044.310059,7275080000
23212,2020-06-01,3038.780029,3062.179932,3031.540039,3055.72998,3055.72998,4673410000
23213,2020-06-02,3064.780029,3081.070068,3051.639893,3080.820068,3080.820068,5187230000
23214,2020-06-03,3098.899902,3130.939941,3098.899902,3122.870117,3122.870117,5989560000
23215,2020-06-04,3111.560059,3128.909912,3090.409912,3112.350098,3112.350098,6428130000
23216,2020-06-05,3163.840088,3211.719971,3163.840088,3193.929932,3193.929932,8617590000
23217,2020-06-08,3199.919922,3233.129883,3196.0,3232.389893,3232.389893,8437380000
23218,2020-06-09,3213.320068,3222.709961,3193.110107,3207.179932,3207.179932,6382620000
23219,2020-06-10,3213.419922,3223.27002,3181.48999,3190.139893,3190.139893,6570840000
23220,2020-06-11,3123.530029,3123.530029,2999.48999,3002.100098,3002.100098,7018890000
23221,2020-06-12,3071.040039,3088.419922,2984.469971,3041.310059,3041.310059,5832250000
23222,2020-06-15,2993.76001,3079.76001,2965.659912,3066.590088,3066.590088,5740660000
23223,2020-06-16,3131.0,3153.449951,3076.060059,3124.73999,3124.73999,5829240000
23224,2020-06-17,3136.129883,3141.159912,3108.030029,3113.48999,3113.48999,4549390000
23225,2020-06-18,3101.639893,3120.0,3093.51001,3115.340088,3115.340088,4429030000
23226,2020-06-19,3140.290039,3155.530029,3083.110107,3097.73999,3097.73999,8327780000
23227,2020-06-22,3094.419922,3120.919922,3079.389893,3117.860107,3117.860107,4665380000
23228,2020-06-23,3138.699951,3154.899902,3127.120117,3131.290039,3131.290039,4704830000
23229,2020-06-24,3114.399902,3115.01001,3032.129883,3050.330078,3050.330078,5587200000
23230,2020-06-25,3046.600098,3086.25,3024.01001,3083.76001,3083.76001,4815420000
23231,2020-06-26,3073.199951,3073.72998,3004.629883,3009.050049,3009.050049,8098120000
23232,2020-06-29,3018.590088,3053.889893,2999.73999,3053.23999,3053.23999,4462770000
23233,2020-06-30,3050.199951,3111.51001,3047.830078,3100.290039,3100.290039,4696280000
23234,2020-07-01,3105.919922,3128.439941,3101.169922,3115.860107,3115.860107,4443130000
23235,2020-07-02,3143.639893,3165.810059,3124.52002,3130.01001,3130.01001,4190830000
23236,2020-07-06,3155.290039,3182.590088,3155.290039,3179.719971,3179.719971,4736450000
23237,2020-07-07,3166.439941,3184.149902,3142.929932,3145.320068,3145.320068,4563700000
23238,2020-07-08,3153.070068,3171.800049,3136.530029,3169.939941,3169.939941,4927700000
23239,2020-07-09,3176.169922,3179.780029,3115.699951,3152.050049,3152.050049,4829020000
23240,2020-07-10,3152.469971,3186.820068,3136.219971,3185.040039,3185.040039,4515340000
23241,2020-07-13,3205.080078,3235.320068,3149.429932,3155.219971,3155.219971,4890780000
23242,2020-07-14,3141.110107,3200.949951,3127.659912,3197.52002,3197.52002,4476170000
23243,2020-07-15,3225.97998,3238.280029,3200.76001,3226.560059,3226.560059,4669760000
23244,2020-07-16,3208.360107,3220.389893,3198.590088,3215.570068,3215.570068,3961230000
23245,2020-07-17,3224.209961,3233.52002,3205.649902,3224.72998,3224.72998,3993830000
23246,2020-07-20,3224.290039,3258.610107,3215.159912,3251.840088,3251.840088,3971200000
23247,2020-07-21,3268.52002,3277.290039,3247.77002,3257.300049,3257.300049,4547960000
23248,2020-07-22,3254.860107,3279.320068,3253.100098,3276.02002,3276.02002,4255190000
23249,2020-07-23,3271.639893,3279.98999,3222.659912,3235.659912,3235.659912,4290460000
23250,2020-07-24,3218.580078,3227.26001,3200.050049,3215.629883,3215.629883,3894900000
23251,2020-07-27,3219.840088,3241.429932,3214.25,3239.409912,3239.409912,3963910000
23252,2020-07-28,3234.27002,3243.719971,3216.169922,3218.439941,3218.439941,4027890000
23253,2020-07-29,3227.219971,3264.73999,3227.219971,3258.439941,3258.439941,4676300000
23254,2020-07-30,3231.76001,3250.919922,3204.129883,3246.219971,3246.219971,4254010000
23255,2020-07-31,3270.449951,3272.169922,3220.26001,3271.120117,3271.120117,5117260000
23256,2020-08-03,3288.26001,3302.72998,3284.530029,3294.610107,3294.610107,4643640000
23257,2020-08-04,3289.919922,3306.840088,3286.370117,3306.51001,3306.51001,4621670000
23258,2020-08-05,3317.370117,3330.77002,3317.370117,3327.77002,3327.77002,4732220000
23259,2020-08-06,3323.169922,3351.030029,3318.139893,3349.159912,3349.159912,4267490000
23260,2020-08-07,3340.050049,3352.540039,3328.719971,3351.280029,3351.280029,4104860000
23261,2020-08-10,3356.040039,3363.290039,3335.439941,3360.469971,3360.469971,4318570000
23262,2020-08-11,3370.340088,3381.01001,3326.439941,3333.689941,3333.689941,5087650000
23263,2020-08-12,3355.459961,3387.889893,3355.459961,3380.350098,3380.350098,3768560000
23264,2020-08-13,3372.949951,3387.23999,3363.350098,3373.429932,3373.429932,3648810000
23265,2020-08-14,3368.659912,3378.51001,3361.639893,3372.850098,3372.850098,3193400000
23266,2020-08-17,3380.860107,3387.590088,3379.219971,3381.98999,3381.98999,3671290000
23267,2020-08-18,3387.040039,3395.060059,3370.149902,3389.780029,3389.780029,3881310000
23268,2020-08-19,3392.51001,3399.540039,3369.659912,3374.850098,3374.850098,3884480000
23269,2020-08-20,3360.47998,3390.800049,3354.689941,3385.51001,3385.51001,3642850000
23270,2020-08-21,3386.01001,3399.959961,3379.310059,3397.159912,3397.159912,3705420000
23271,2020-08-24,3418.090088,3432.090088,3413.129883,3431.280029,3431.280029,3728690000
23272,2020-08-25,3435.949951,3444.209961,3425.840088,3443.620117,3443.620117,3619300000
23273,2020-08-26,3449.969971,3481.070068,3444.149902,3478.72998,3478.72998,3754360000
23274,2020-08-27,3485.139893,3501.379883,3468.350098,3484.550049,3484.550049,3929560000
23275,2020-08-28,3494.689941,3509.22998,3484.320068,3508.01001,3508.01001,3855880000
23276,2020-08-31,3509.72998,3514.77002,3493.25,3500.310059,3500.310059,4342290000
23277,2020-09-01,3507.439941,3528.030029,3494.600098,3526.649902,3526.649902,4083110000
23278,2020-09-02,3543.76001,3588.110107,3535.22998,3580.840088,3580.840088,4285190000
23279,2020-09-03,3564.73999,3564.850098,3427.409912,3455.060059,3455.060059,4898680000
23280,2020-09-04,3453.600098,3479.149902,3349.629883,3426.959961,3426.959961,4431440000
23281,2020-09-08,3371.879883,3379.969971,3329.27002,3331.840088,3331.840088,4665600000
23282,2020-09-09,3369.820068,3424.77002,3366.840088,3398.959961,3398.959961,3920830000
23283,2020-09-10,3412.560059,3425.550049,3329.25,3339.189941,3339.189941,4192250000
23284,2020-09-11,3352.699951,3368.949951,3310.469971,3340.969971,3340.969971,3704450000
23285,2020-09-14,3363.560059,3402.929932,3363.560059,3383.540039,3383.540039,3832130000
23286,2020-09-15,3407.72998,3419.47998,3389.25,3401.199951,3401.199951,4051460000
23287,2020-09-16,3411.22998,3428.919922,3384.449951,3385.48999,3385.48999,4710030000
23288,2020-09-17,3346.860107,3375.169922,3328.820068,3357.01001,3357.01001,4371940000
23289,2020-09-18,3357.379883,3362.27002,3292.399902,3319.469971,3319.469971,7068700000
23290,2020-09-21,3285.570068,3285.570068,3229.100098,3281.060059,3281.060059,4828350000
23291,2020-09-22,3295.75,3320.310059,3270.949951,3315.570068,3315.570068,3963300000
23292,2020-09-23,3320.110107,3323.350098,3232.570068,3236.919922,3236.919922,4364500000
23293,2020-09-24,3226.139893,3278.699951,3209.449951,3246.590088,3246.590088,4599470000
23294,2020-09-25,3236.659912,3306.879883,3228.439941,3298.459961,3298.459961,3792220000
23295,2020-09-28,3333.899902,3360.73999,3332.909912,3351.600098,3351.600098,3946060000
23296,2020-09-29,3350.919922,3357.919922,3327.540039,3335.469971,3335.469971,3651880000
23297,2020-09-30,3341.209961,3393.560059,3340.469971,3363.0,3363.0,4722530000
23298,2020-10-01,3385.870117,3397.179932,3361.389893,3380.800049,3380.800049,4070530000
23299,2020-10-02,3338.939941,3369.100098,3323.689941,3348.419922,3348.419922,3961550000
23300,2020-10-05,3367.27002,3409.570068,3367.27002,3408.600098,3408.600098,3686920000
23301,2020-10-06,3408.73999,3431.560059,3354.540039,3360.969971,3360.969971,4443380000
23302,2020-10-07,3384.560059,3426.26001,3384.560059,3419.439941,3419.439941,3807830000
23303,2020-10-08,3434.280029,3447.280029,3428.149902,3446.830078,3446.830078,3856190000
23304,2020-10-09,3459.669922,3482.340088,3458.070068,3477.139893,3477.139893,3939060000
23305,2020-10-12,3500.02002,3549.850098,3499.610107,3534.219971,3534.219971,3428970000
23306,2020-10-13,3534.01001,3534.01001,3500.860107,3511.929932,3511.929932,3605150000
23307,2020-10-14,3515.469971,3527.939941,3480.550049,3488.669922,3488.669922,3840630000
23308,2020-10-15,3453.719971,3489.080078,3440.889893,3483.340088,3483.340088,3717640000
23309,2020-10-16,3493.5,3515.76001,3480.449951,3483.810059,3483.810059,4675890000
23310,2020-10-19,3493.659912,3502.419922,3419.929932,3426.919922,3426.919922,4086200000
23311,2020-10-20,3439.379883,3476.929932,3435.649902,3443.120117,3443.120117,3901260000
23312,2020-10-21,3439.909912,3464.860107,3433.060059,3435.560059,3435.560059,4097750000
23313,2020-10-22,3438.5,3460.530029,3415.340088,3453.48999,3453.48999,4163630000
23314,2020-10-23,3464.899902,3466.459961,3440.449951,3465.389893,3465.389893,3646570000
23315,2020-10-26,3441.419922,3441.419922,3364.860107,3400.969971,3400.969971,3988080000
23316,2020-10-27,3403.149902,3409.51001,3388.709961,3390.679932,3390.679932,3946990000
23317,2020-10-28,3342.47998,3342.47998,3268.889893,3271.030029,3271.030029,5129860000
23318,2020-10-29,3277.169922,3341.050049,3259.820068,3310.110107,3310.110107,4903070000
23319,2020-10-30,3293.590088,3304.929932,3233.939941,3269.959961,3269.959961,4840450000
23320,2020-11-02,3296.199951,3330.139893,3279.73999,3310.23999,3310.23999,4310590000
23321,2020-11-03,3336.25,3389.48999,3336.25,3369.159912,3369.159912,4220070000
23322,2020-11-04,3406.459961,3486.25,3405.169922,3443.439941,3443.439941,4783040000
