,Date,Close
0,2016-07-06 23:59:59,677.3309936523438
1,2016-07-07 23:59:59,640.56201171875
2,2016-07-08 23:59:59,666.5230102539062
3,2016-07-09 23:59:59,650.9600219726562
4,2016-07-10 23:59:59,649.3599853515625
5,2016-07-11 23:59:59,647.6589965820312
6,2016-07-12 23:59:59,664.551025390625
7,2016-07-13 23:59:59,654.468017578125
8,2016-07-14 23:59:59,658.0780029296875
9,2016-07-15 23:59:59,663.2550048828125
10,2016-07-16 23:59:59,660.7670288085938
11,2016-07-17 23:59:59,679.458984375
12,2016-07-18 23:59:59,673.1060180664062
13,2016-07-19 23:59:59,672.864013671875
14,2016-07-20 23:59:59,665.6849975585938
15,2016-07-21 23:59:59,665.0120239257812
16,2016-07-22 23:59:59,650.6190185546875
17,2016-07-23 23:59:59,655.5560302734375
18,2016-07-24 23:59:59,661.2849731445312
19,2016-07-25 23:59:59,654.0969848632812
20,2016-07-26 23:59:59,651.7839965820312
21,2016-07-27 23:59:59,654.3519897460938
22,2016-07-28 23:59:59,655.0349731445312
23,2016-07-29 23:59:59,656.9920043945312
24,2016-07-30 23:59:59,655.0469970703125
25,2016-07-31 23:59:59,624.6810302734375
26,2016-08-01 23:59:59,606.27197265625
27,2016-08-02 23:59:59,547.4650268554688
28,2016-08-03 23:59:59,566.35498046875
29,2016-08-04 23:59:59,578.2890014648438
30,2016-08-05 23:59:59,575.0430297851562
31,2016-08-06 23:59:59,587.7780151367188
32,2016-08-07 23:59:59,592.6900024414062
33,2016-08-08 23:59:59,591.0540161132812
34,2016-08-09 23:59:59,587.801025390625
35,2016-08-10 23:59:59,592.10302734375
36,2016-08-11 23:59:59,589.1199951171875
37,2016-08-12 23:59:59,587.5590209960938
38,2016-08-13 23:59:59,585.5880126953125
39,2016-08-14 23:59:59,570.4730224609375
40,2016-08-15 23:59:59,567.239990234375
41,2016-08-16 23:59:59,577.4390258789062
42,2016-08-17 23:59:59,573.2160034179688
43,2016-08-18 23:59:59,574.3179931640625
44,2016-08-19 23:59:59,575.6300048828125
45,2016-08-20 23:59:59,581.697021484375
46,2016-08-21 23:59:59,581.3079833984375
47,2016-08-22 23:59:59,586.7529907226562
48,2016-08-23 23:59:59,583.4149780273438
49,2016-08-24 23:59:59,580.1820068359375
50,2016-08-25 23:59:59,577.760986328125
51,2016-08-26 23:59:59,579.6510009765625
52,2016-08-27 23:59:59,569.947021484375
53,2016-08-28 23:59:59,573.9119873046875
54,2016-08-29 23:59:59,574.1069946289062
55,2016-08-30 23:59:59,577.5029907226562
56,2016-08-31 23:59:59,575.4719848632812
57,2016-09-01 23:59:59,572.302978515625
58,2016-09-02 23:59:59,575.5369873046875
59,2016-09-03 23:59:59,598.2119750976562
60,2016-09-04 23:59:59,608.6339721679688
61,2016-09-05 23:59:59,606.5900268554688
62,2016-09-06 23:59:59,610.4359741210938
63,2016-09-07 23:59:59,614.5440063476562
64,2016-09-08 23:59:59,626.3159790039062
65,2016-09-09 23:59:59,622.8610229492188
66,2016-09-10 23:59:59,623.5089721679688
67,2016-09-11 23:59:59,606.718994140625
68,2016-09-12 23:59:59,608.2429809570312
69,2016-09-13 23:59:59,609.2410278320312
70,2016-09-14 23:59:59,610.6840209960938
71,2016-09-15 23:59:59,607.155029296875
72,2016-09-16 23:59:59,606.9730224609375
73,2016-09-17 23:59:59,605.9840087890625
74,2016-09-18 23:59:59,609.8740234375
75,2016-09-19 23:59:59,609.2269897460938
76,2016-09-20 23:59:59,608.31201171875
77,2016-09-21 23:59:59,597.1489868164062
78,2016-09-22 23:59:59,596.2979736328125
79,2016-09-23 23:59:59,602.8419799804688
80,2016-09-24 23:59:59,602.625
81,2016-09-25 23:59:59,600.8259887695312
82,2016-09-26 23:59:59,608.0430297851562
83,2016-09-27 23:59:59,606.166015625
84,2016-09-28 23:59:59,604.72802734375
85,2016-09-29 23:59:59,605.6929931640625
86,2016-09-30 23:59:59,609.7349853515625
87,2016-10-01 23:59:59,613.9829711914062
88,2016-10-02 23:59:59,610.8920288085938
89,2016-10-03 23:59:59,612.1329956054688
90,2016-10-04 23:59:59,610.2039794921875
91,2016-10-05 23:59:59,612.510986328125
92,2016-10-06 23:59:59,613.02099609375
93,2016-10-07 23:59:59,617.1209716796875
94,2016-10-08 23:59:59,619.1079711914062
95,2016-10-09 23:59:59,616.7520141601562
96,2016-10-10 23:59:59,618.9940185546875
97,2016-10-11 23:59:59,641.072021484375
98,2016-10-12 23:59:59,636.1920166015625
99,2016-10-13 23:59:59,636.7860107421875
100,2016-10-14 23:59:59,640.3779907226562
101,2016-10-15 23:59:59,638.64599609375
102,2016-10-16 23:59:59,641.6309814453125
103,2016-10-17 23:59:59,639.1929931640625
104,2016-10-18 23:59:59,637.9600219726562
105,2016-10-19 23:59:59,630.52001953125
106,2016-10-20 23:59:59,630.8569946289062
107,2016-10-21 23:59:59,632.8280029296875
108,2016-10-22 23:59:59,657.2940063476562
109,2016-10-23 23:59:59,657.0709838867188
110,2016-10-24 23:59:59,653.760986328125
111,2016-10-25 23:59:59,657.5880126953125
112,2016-10-26 23:59:59,678.3040161132812
113,2016-10-27 23:59:59,688.31298828125
114,2016-10-28 23:59:59,689.6510009765625
115,2016-10-29 23:59:59,714.47900390625
116,2016-10-30 23:59:59,701.864013671875
117,2016-10-31 23:59:59,700.9719848632812
118,2016-11-01 23:59:59,729.7930297851562
119,2016-11-02 23:59:59,740.8289794921875
120,2016-11-03 23:59:59,688.7000122070312
121,2016-11-04 23:59:59,703.2349853515625
122,2016-11-05 23:59:59,703.4180297851562
123,2016-11-06 23:59:59,711.52197265625
124,2016-11-07 23:59:59,703.1309814453125
125,2016-11-08 23:59:59,709.8480224609375
126,2016-11-09 23:59:59,723.2730102539062
127,2016-11-10 23:59:59,715.5339965820312
128,2016-11-11 23:59:59,716.4110107421875
129,2016-11-12 23:59:59,705.0540161132812
130,2016-11-13 23:59:59,702.031005859375
131,2016-11-14 23:59:59,705.02099609375
132,2016-11-15 23:59:59,711.6190185546875
133,2016-11-16 23:59:59,744.197998046875
134,2016-11-17 23:59:59,740.9769897460938
135,2016-11-18 23:59:59,751.5850219726562
136,2016-11-19 23:59:59,751.6160278320312
137,2016-11-20 23:59:59,731.0260009765625
138,2016-11-21 23:59:59,739.2479858398438
139,2016-11-22 23:59:59,751.3469848632812
140,2016-11-23 23:59:59,744.593994140625
141,2016-11-24 23:59:59,740.2890014648438
142,2016-11-25 23:59:59,741.6489868164062
143,2016-11-26 23:59:59,735.3820190429688
144,2016-11-27 23:59:59,732.0349731445312
145,2016-11-28 23:59:59,735.81298828125
146,2016-11-29 23:59:59,735.60400390625
147,2016-11-30 23:59:59,745.6909790039062
148,2016-12-01 23:59:59,756.7739868164062
149,2016-12-02 23:59:59,777.9439697265625
150,2016-12-03 23:59:59,771.155029296875
151,2016-12-04 23:59:59,773.8720092773438
152,2016-12-05 23:59:59,758.7000122070312
153,2016-12-06 23:59:59,764.2239990234375
154,2016-12-07 23:59:59,768.1320190429688
155,2016-12-08 23:59:59,770.8099975585938
156,2016-12-09 23:59:59,772.7940063476562
157,2016-12-10 23:59:59,774.6500244140625
158,2016-12-11 23:59:59,769.7310180664062
159,2016-12-12 23:59:59,780.0869750976562
160,2016-12-13 23:59:59,780.5560302734375
161,2016-12-14 23:59:59,781.4810180664062
162,2016-12-15 23:59:59,778.0880126953125
163,2016-12-16 23:59:59,784.906982421875
164,2016-12-17 23:59:59,790.8289794921875
165,2016-12-18 23:59:59,790.530029296875
166,2016-12-19 23:59:59,792.7139892578125
167,2016-12-20 23:59:59,800.8759765625
168,2016-12-21 23:59:59,834.281005859375
169,2016-12-22 23:59:59,864.5399780273438
170,2016-12-23 23:59:59,921.9840087890624
171,2016-12-24 23:59:59,898.822021484375
172,2016-12-25 23:59:59,896.1829833984375
173,2016-12-26 23:59:59,907.6099853515624
174,2016-12-27 23:59:59,933.197998046875
175,2016-12-28 23:59:59,975.9210205078124
176,2016-12-29 23:59:59,973.4970092773438
177,2016-12-30 23:59:59,961.2379760742188
178,2016-12-31 23:59:59,963.7429809570312
179,2017-01-01 23:59:59,998.3250122070312
180,2017-01-02 23:59:59,1021.75
181,2017-01-03 23:59:59,1043.8399658203125
182,2017-01-04 23:59:59,1154.72998046875
183,2017-01-05 23:59:59,1013.3800048828124
184,2017-01-06 23:59:59,902.2009887695312
185,2017-01-07 23:59:59,908.5850219726562
186,2017-01-08 23:59:59,911.198974609375
187,2017-01-09 23:59:59,902.8280029296876
188,2017-01-10 23:59:59,907.6790161132812
189,2017-01-11 23:59:59,777.7570190429688
190,2017-01-12 23:59:59,804.833984375
191,2017-01-13 23:59:59,823.9840087890625
192,2017-01-14 23:59:59,818.4119873046875
193,2017-01-15 23:59:59,821.7979736328125
194,2017-01-16 23:59:59,831.5339965820312
195,2017-01-17 23:59:59,907.93798828125
196,2017-01-18 23:59:59,886.6179809570312
197,2017-01-19 23:59:59,899.072998046875
198,2017-01-20 23:59:59,895.0260009765625
199,2017-01-21 23:59:59,921.7890014648438
200,2017-01-22 23:59:59,924.6729736328124
201,2017-01-23 23:59:59,921.0120239257812
202,2017-01-24 23:59:59,892.68701171875
203,2017-01-25 23:59:59,901.5419921875
204,2017-01-26 23:59:59,917.5859985351562
205,2017-01-27 23:59:59,919.75
206,2017-01-28 23:59:59,921.5900268554688
207,2017-01-29 23:59:59,919.4959716796876
208,2017-01-30 23:59:59,920.3820190429688
209,2017-01-31 23:59:59,970.4030151367188
210,2017-02-01 23:59:59,989.0230102539062
211,2017-02-02 23:59:59,1011.7999877929688
212,2017-02-03 23:59:59,1029.9100341796875
213,2017-02-04 23:59:59,1042.9000244140625
214,2017-02-05 23:59:59,1027.3399658203125
215,2017-02-06 23:59:59,1038.1500244140625
216,2017-02-07 23:59:59,1061.3499755859375
217,2017-02-08 23:59:59,1063.0699462890625
218,2017-02-09 23:59:59,994.3829956054688
219,2017-02-10 23:59:59,988.6740112304688
220,2017-02-11 23:59:59,1004.4500122070312
221,2017-02-12 23:59:59,999.1810302734376
222,2017-02-13 23:59:59,990.6420288085938
223,2017-02-14 23:59:59,1004.5499877929688
224,2017-02-15 23:59:59,1007.47998046875
225,2017-02-16 23:59:59,1027.43994140625
226,2017-02-17 23:59:59,1046.2099609375
227,2017-02-18 23:59:59,1054.4200439453125
228,2017-02-19 23:59:59,1047.8699951171875
229,2017-02-20 23:59:59,1079.97998046875
230,2017-02-21 23:59:59,1115.300048828125
231,2017-02-22 23:59:59,1117.43994140625
232,2017-02-23 23:59:59,1166.719970703125
233,2017-02-24 23:59:59,1173.6800537109375
234,2017-02-25 23:59:59,1143.8399658203125
235,2017-02-26 23:59:59,1165.199951171875
236,2017-02-27 23:59:59,1179.969970703125
237,2017-02-28 23:59:59,1179.969970703125
238,2017-03-01 23:59:59,1222.5
239,2017-03-02 23:59:59,1251.010009765625
240,2017-03-03 23:59:59,1274.989990234375
241,2017-03-04 23:59:59,1255.1500244140625
242,2017-03-05 23:59:59,1267.1199951171875
243,2017-03-06 23:59:59,1272.8299560546875
244,2017-03-07 23:59:59,1223.5400390625
245,2017-03-08 23:59:59,1150.0
246,2017-03-09 23:59:59,1188.489990234375
247,2017-03-10 23:59:59,1116.719970703125
248,2017-03-11 23:59:59,1175.8299560546875
249,2017-03-12 23:59:59,1221.3800048828125
250,2017-03-13 23:59:59,1231.9200439453125
251,2017-03-14 23:59:59,1240.0
252,2017-03-15 23:59:59,1249.6099853515625
253,2017-03-16 23:59:59,1187.81005859375
254,2017-03-17 23:59:59,1100.22998046875
255,2017-03-18 23:59:59,973.8179931640624
256,2017-03-19 23:59:59,1036.739990234375
257,2017-03-20 23:59:59,1054.22998046875
258,2017-03-21 23:59:59,1120.5400390625
259,2017-03-22 23:59:59,1049.1400146484375
260,2017-03-23 23:59:59,1038.5899658203125
261,2017-03-24 23:59:59,937.52001953125
262,2017-03-25 23:59:59,972.7789916992188
263,2017-03-26 23:59:59,966.7249755859376
264,2017-03-27 23:59:59,1045.77001953125
265,2017-03-28 23:59:59,1047.1500244140625
266,2017-03-29 23:59:59,1039.969970703125
267,2017-03-30 23:59:59,1026.4300537109375
268,2017-03-31 23:59:59,1071.7900390625
269,2017-04-01 23:59:59,1080.5
270,2017-04-02 23:59:59,1102.1700439453125
271,2017-04-03 23:59:59,1143.81005859375
272,2017-04-04 23:59:59,1133.25
273,2017-04-05 23:59:59,1124.780029296875
274,2017-04-06 23:59:59,1182.6800537109375
275,2017-04-07 23:59:59,1176.9000244140625
276,2017-04-08 23:59:59,1175.949951171875
277,2017-04-09 23:59:59,1187.8699951171875
278,2017-04-10 23:59:59,1187.1300048828125
279,2017-04-11 23:59:59,1205.010009765625
280,2017-04-12 23:59:59,1200.3699951171875
281,2017-04-13 23:59:59,1169.280029296875
282,2017-04-14 23:59:59,1167.5400390625
283,2017-04-15 23:59:59,1172.52001953125
284,2017-04-16 23:59:59,1182.93994140625
285,2017-04-17 23:59:59,1193.9100341796875
286,2017-04-18 23:59:59,1211.6700439453125
287,2017-04-19 23:59:59,1210.2900390625
288,2017-04-20 23:59:59,1229.0799560546875
289,2017-04-21 23:59:59,1222.050048828125
290,2017-04-22 23:59:59,1231.7099609375
291,2017-04-23 23:59:59,1207.2099609375
292,2017-04-24 23:59:59,1250.1500244140625
293,2017-04-25 23:59:59,1265.489990234375
294,2017-04-26 23:59:59,1281.0799560546875
295,2017-04-27 23:59:59,1317.72998046875
296,2017-04-28 23:59:59,1316.47998046875
297,2017-04-29 23:59:59,1321.7900390625
298,2017-04-30 23:59:59,1347.8900146484375
299,2017-05-01 23:59:59,1421.5999755859375
300,2017-05-02 23:59:59,1452.8199462890625
301,2017-05-03 23:59:59,1490.0899658203125
302,2017-05-04 23:59:59,1537.6700439453125
303,2017-05-05 23:59:59,1555.449951171875
304,2017-05-06 23:59:59,1578.800048828125
305,2017-05-07 23:59:59,1596.7099609375
306,2017-05-08 23:59:59,1723.3499755859375
307,2017-05-09 23:59:59,1755.3599853515625
308,2017-05-10 23:59:59,1787.1300048828125
309,2017-05-11 23:59:59,1848.5699462890625
310,2017-05-12 23:59:59,1724.239990234375
311,2017-05-13 23:59:59,1804.9100341796875
312,2017-05-14 23:59:59,1808.9100341796875
313,2017-05-15 23:59:59,1738.4300537109375
314,2017-05-16 23:59:59,1734.449951171875
315,2017-05-17 23:59:59,1839.0899658203125
316,2017-05-18 23:59:59,1888.6500244140625
317,2017-05-19 23:59:59,1987.7099609375
318,2017-05-20 23:59:59,2084.72998046875
319,2017-05-21 23:59:59,2041.199951171875
320,2017-05-22 23:59:59,2173.39990234375
321,2017-05-23 23:59:59,2320.419921875
322,2017-05-24 23:59:59,2443.639892578125
323,2017-05-25 23:59:59,2304.97998046875
324,2017-05-26 23:59:59,2202.419921875
325,2017-05-27 23:59:59,2038.8699951171875
326,2017-05-28 23:59:59,2155.800048828125
327,2017-05-29 23:59:59,2255.610107421875
328,2017-05-30 23:59:59,2175.469970703125
329,2017-05-31 23:59:59,2286.409912109375
330,2017-06-01 23:59:59,2407.8798828125
331,2017-06-02 23:59:59,2488.550048828125
332,2017-06-03 23:59:59,2515.35009765625
333,2017-06-04 23:59:59,2511.81005859375
334,2017-06-05 23:59:59,2686.81005859375
335,2017-06-06 23:59:59,2863.199951171875
336,2017-06-07 23:59:59,2732.159912109375
337,2017-06-08 23:59:59,2805.6201171875
338,2017-06-09 23:59:59,2823.81005859375
339,2017-06-10 23:59:59,2947.7099609375
340,2017-06-11 23:59:59,2958.110107421875
341,2017-06-12 23:59:59,2659.6298828125
342,2017-06-13 23:59:59,2717.02001953125
343,2017-06-14 23:59:59,2506.3701171875
344,2017-06-15 23:59:59,2464.580078125
345,2017-06-16 23:59:59,2518.56005859375
346,2017-06-17 23:59:59,2655.8798828125
347,2017-06-18 23:59:59,2548.2900390625
348,2017-06-19 23:59:59,2589.60009765625
349,2017-06-20 23:59:59,2721.7900390625
350,2017-06-21 23:59:59,2689.10009765625
351,2017-06-22 23:59:59,2705.409912109375
352,2017-06-23 23:59:59,2744.909912109375
353,2017-06-24 23:59:59,2608.719970703125
354,2017-06-25 23:59:59,2589.409912109375
355,2017-06-26 23:59:59,2478.449951171875
356,2017-06-27 23:59:59,2552.449951171875
357,2017-06-28 23:59:59,2574.7900390625
358,2017-06-29 23:59:59,2539.320068359375
359,2017-06-30 23:59:59,2480.840087890625
360,2017-07-01 23:59:59,2434.550048828125
361,2017-07-02 23:59:59,2506.469970703125
362,2017-07-03 23:59:59,2564.06005859375
363,2017-07-04 23:59:59,2601.639892578125
364,2017-07-05 23:59:59,2601.989990234375
365,2017-07-06 23:59:59,2608.56005859375
366,2017-07-07 23:59:59,2518.659912109375
367,2017-07-08 23:59:59,2571.340087890625
368,2017-07-09 23:59:59,2518.43994140625
369,2017-07-10 23:59:59,2372.56005859375
370,2017-07-11 23:59:59,2337.7900390625
371,2017-07-12 23:59:59,2398.840087890625
372,2017-07-13 23:59:59,2357.89990234375
373,2017-07-14 23:59:59,2233.340087890625
374,2017-07-15 23:59:59,1998.8599853515625
375,2017-07-16 23:59:59,1929.8199462890625
376,2017-07-17 23:59:59,2228.409912109375
377,2017-07-18 23:59:59,2318.8798828125
378,2017-07-19 23:59:59,2273.429931640625
379,2017-07-20 23:59:59,2817.60009765625
380,2017-07-21 23:59:59,2667.760009765625
381,2017-07-22 23:59:59,2810.1201171875
382,2017-07-23 23:59:59,2730.39990234375
383,2017-07-24 23:59:59,2754.860107421875
384,2017-07-25 23:59:59,2576.47998046875
385,2017-07-26 23:59:59,2529.449951171875
386,2017-07-27 23:59:59,2671.780029296875
387,2017-07-28 23:59:59,2809.010009765625
388,2017-07-29 23:59:59,2726.449951171875
389,2017-07-30 23:59:59,2757.179931640625
390,2017-07-31 23:59:59,2875.340087890625
391,2017-08-01 23:59:59,2718.260009765625
392,2017-08-02 23:59:59,2710.669921875
393,2017-08-03 23:59:59,2804.72998046875
394,2017-08-04 23:59:59,2895.889892578125
395,2017-08-05 23:59:59,3252.909912109375
396,2017-08-06 23:59:59,3213.93994140625
397,2017-08-07 23:59:59,3378.93994140625
398,2017-08-08 23:59:59,3419.93994140625
399,2017-08-09 23:59:59,3342.469970703125
400,2017-08-10 23:59:59,3381.280029296875
401,2017-08-11 23:59:59,3650.6201171875
402,2017-08-12 23:59:59,3884.7099609375
403,2017-08-13 23:59:59,4073.260009765625
404,2017-08-14 23:59:59,4325.1298828125
405,2017-08-15 23:59:59,4181.93017578125
406,2017-08-16 23:59:59,4376.6298828125
407,2017-08-17 23:59:59,4331.68994140625
408,2017-08-18 23:59:59,4160.6201171875
409,2017-08-19 23:59:59,4193.7001953125
410,2017-08-20 23:59:59,4087.659912109375
411,2017-08-21 23:59:59,4001.739990234375
412,2017-08-22 23:59:59,4100.52001953125
413,2017-08-23 23:59:59,4151.52001953125
414,2017-08-24 23:59:59,4334.68017578125
415,2017-08-25 23:59:59,4371.60009765625
416,2017-08-26 23:59:59,4352.39990234375
417,2017-08-27 23:59:59,4382.8798828125
418,2017-08-28 23:59:59,4382.66015625
419,2017-08-29 23:59:59,4579.02001953125
420,2017-08-30 23:59:59,4565.2998046875
421,2017-08-31 23:59:59,4703.39013671875
422,2017-09-01 23:59:59,4892.009765625
423,2017-09-02 23:59:59,4578.77001953125
424,2017-09-03 23:59:59,4582.9599609375
425,2017-09-04 23:59:59,4236.31005859375
426,2017-09-05 23:59:59,4376.52978515625
427,2017-09-06 23:59:59,4597.1201171875
428,2017-09-07 23:59:59,4599.8798828125
429,2017-09-08 23:59:59,4228.75
430,2017-09-09 23:59:59,4226.06005859375
431,2017-09-10 23:59:59,4122.93994140625
432,2017-09-11 23:59:59,4161.27001953125
433,2017-09-12 23:59:59,4130.81005859375
434,2017-09-13 23:59:59,3882.590087890625
435,2017-09-14 23:59:59,3154.949951171875
436,2017-09-15 23:59:59,3637.52001953125
437,2017-09-16 23:59:59,3625.0400390625
438,2017-09-17 23:59:59,3582.8798828125
439,2017-09-18 23:59:59,4065.199951171875
440,2017-09-19 23:59:59,3924.969970703125
441,2017-09-20 23:59:59,3905.949951171875
442,2017-09-21 23:59:59,3631.0400390625
443,2017-09-22 23:59:59,3630.699951171875
444,2017-09-23 23:59:59,3792.39990234375
445,2017-09-24 23:59:59,3682.840087890625
446,2017-09-25 23:59:59,3926.070068359375
447,2017-09-26 23:59:59,3892.35009765625
448,2017-09-27 23:59:59,4200.669921875
449,2017-09-28 23:59:59,4174.72998046875
450,2017-09-29 23:59:59,4163.06982421875
451,2017-09-30 23:59:59,4338.7099609375
452,2017-10-01 23:59:59,4403.740234375
453,2017-10-02 23:59:59,4409.31982421875
454,2017-10-03 23:59:59,4317.47998046875
455,2017-10-04 23:59:59,4229.35986328125
456,2017-10-05 23:59:59,4328.41015625
457,2017-10-06 23:59:59,4370.81005859375
458,2017-10-07 23:59:59,4426.89013671875
459,2017-10-08 23:59:59,4610.47998046875
460,2017-10-09 23:59:59,4772.02001953125
461,2017-10-10 23:59:59,4781.990234375
462,2017-10-11 23:59:59,4826.47998046875
463,2017-10-12 23:59:59,5446.91015625
464,2017-10-13 23:59:59,5647.2099609375
465,2017-10-14 23:59:59,5831.7900390625
466,2017-10-15 23:59:59,5678.18994140625
467,2017-10-16 23:59:59,5725.58984375
468,2017-10-17 23:59:59,5605.509765625
469,2017-10-18 23:59:59,5590.68994140625
470,2017-10-19 23:59:59,5708.52001953125
471,2017-10-20 23:59:59,6011.4501953125
472,2017-10-21 23:59:59,6031.60009765625
473,2017-10-22 23:59:59,6008.419921875
474,2017-10-23 23:59:59,5930.31982421875
475,2017-10-24 23:59:59,5526.64013671875
476,2017-10-25 23:59:59,5750.7998046875
477,2017-10-26 23:59:59,5904.830078125
478,2017-10-27 23:59:59,5780.89990234375
479,2017-10-28 23:59:59,5753.08984375
480,2017-10-29 23:59:59,6153.85009765625
481,2017-10-30 23:59:59,6130.52978515625
482,2017-10-31 23:59:59,6468.39990234375
483,2017-11-01 23:59:59,6767.31005859375
484,2017-11-02 23:59:59,7078.5
485,2017-11-03 23:59:59,7207.759765625
486,2017-11-04 23:59:59,7379.9501953125
487,2017-11-05 23:59:59,7407.41015625
488,2017-11-06 23:59:59,7022.759765625
489,2017-11-07 23:59:59,7144.3798828125
490,2017-11-08 23:59:59,7459.68994140625
491,2017-11-09 23:59:59,7143.580078125
492,2017-11-10 23:59:59,6618.14013671875
493,2017-11-11 23:59:59,6357.60009765625
494,2017-11-12 23:59:59,5950.06982421875
495,2017-11-13 23:59:59,6559.490234375
496,2017-11-14 23:59:59,6635.75
497,2017-11-15 23:59:59,7315.5400390625
498,2017-11-16 23:59:59,7871.68994140625
499,2017-11-17 23:59:59,7708.990234375
500,2017-11-18 23:59:59,7790.14990234375
501,2017-11-19 23:59:59,8036.490234375
502,2017-11-20 23:59:59,8200.6396484375
503,2017-11-21 23:59:59,8071.259765625
504,2017-11-22 23:59:59,8253.5498046875
505,2017-11-23 23:59:59,8038.77001953125
506,2017-11-24 23:59:59,8253.6904296875
507,2017-11-25 23:59:59,8790.919921875
508,2017-11-26 23:59:59,9330.5498046875
509,2017-11-27 23:59:59,9818.349609375
510,2017-11-28 23:59:59,10058.7998046875
511,2017-11-29 23:59:59,9888.6103515625
512,2017-11-30 23:59:59,10233.599609375
513,2017-12-01 23:59:59,10975.599609375
514,2017-12-02 23:59:59,11074.599609375
515,2017-12-03 23:59:59,11323.2001953125
516,2017-12-04 23:59:59,11657.2001953125
517,2017-12-05 23:59:59,11916.7001953125
518,2017-12-06 23:59:59,14291.5
519,2017-12-07 23:59:59,17899.69921875
520,2017-12-08 23:59:59,16569.400390625
521,2017-12-09 23:59:59,15178.2001953125
522,2017-12-10 23:59:59,15455.400390625
523,2017-12-11 23:59:59,16936.80078125
524,2017-12-12 23:59:59,17415.400390625
525,2017-12-13 23:59:59,16408.19921875
526,2017-12-14 23:59:59,16564.0
527,2017-12-15 23:59:59,17706.900390625
528,2017-12-16 23:59:59,19497.400390625
529,2017-12-17 23:59:59,19140.80078125
530,2017-12-18 23:59:59,19114.19921875
531,2017-12-19 23:59:59,17776.69921875
532,2017-12-20 23:59:59,16624.599609375
533,2017-12-21 23:59:59,15802.900390625
534,2017-12-22 23:59:59,13831.7998046875
535,2017-12-23 23:59:59,14699.2001953125
536,2017-12-24 23:59:59,13925.7998046875
537,2017-12-25 23:59:59,14026.599609375
538,2017-12-26 23:59:59,16099.7998046875
539,2017-12-27 23:59:59,15838.5
540,2017-12-28 23:59:59,14606.5
541,2017-12-29 23:59:59,14656.2001953125
542,2017-12-30 23:59:59,12952.2001953125
543,2017-12-31 23:59:59,14156.400390625
544,2018-01-01 23:59:59,13657.2001953125
545,2018-01-02 23:59:59,14982.099609375
546,2018-01-03 23:59:59,15201.0
547,2018-01-04 23:59:59,15599.2001953125
548,2018-01-05 23:59:59,17429.5
549,2018-01-06 23:59:59,17527.0
550,2018-01-07 23:59:59,16477.599609375
551,2018-01-08 23:59:59,15170.099609375
552,2018-01-09 23:59:59,14595.400390625
553,2018-01-10 23:59:59,14973.2998046875
554,2018-01-11 23:59:59,13405.7998046875
555,2018-01-12 23:59:59,13980.599609375
556,2018-01-13 23:59:59,14360.2001953125
557,2018-01-14 23:59:59,13772.0
558,2018-01-15 23:59:59,13819.7998046875
559,2018-01-16 23:59:59,11490.5
560,2018-01-17 23:59:59,11188.599609375
561,2018-01-18 23:59:59,11474.900390625
562,2018-01-19 23:59:59,11607.400390625
563,2018-01-20 23:59:59,12899.2001953125
564,2018-01-21 23:59:59,11600.099609375
565,2018-01-22 23:59:59,10931.400390625
566,2018-01-23 23:59:59,10868.400390625
567,2018-01-24 23:59:59,11359.400390625
568,2018-01-25 23:59:59,11259.400390625
569,2018-01-26 23:59:59,11171.400390625
570,2018-01-27 23:59:59,11440.7001953125
571,2018-01-28 23:59:59,11786.2998046875
572,2018-01-29 23:59:59,11296.400390625
573,2018-01-30 23:59:59,10106.2998046875
574,2018-01-31 23:59:59,10221.099609375
575,2018-02-01 23:59:59,9170.5400390625
576,2018-02-02 23:59:59,8830.75
577,2018-02-03 23:59:59,9174.91015625
578,2018-02-04 23:59:59,8277.009765625
579,2018-02-05 23:59:59,6955.27001953125
580,2018-02-06 23:59:59,7754.0
581,2018-02-07 23:59:59,7621.2998046875
582,2018-02-08 23:59:59,8265.58984375
583,2018-02-09 23:59:59,8736.98046875
584,2018-02-10 23:59:59,8621.900390625
585,2018-02-11 23:59:59,8129.97021484375
586,2018-02-12 23:59:59,8926.5703125
587,2018-02-13 23:59:59,8598.3095703125
588,2018-02-14 23:59:59,9494.6298828125
589,2018-02-15 23:59:59,10166.400390625
590,2018-02-16 23:59:59,10233.900390625
591,2018-02-17 23:59:59,11112.7001953125
592,2018-02-18 23:59:59,10551.7998046875
593,2018-02-19 23:59:59,11225.2998046875
594,2018-02-20 23:59:59,11403.7001953125
595,2018-02-21 23:59:59,10690.400390625
596,2018-02-22 23:59:59,10005.0
597,2018-02-23 23:59:59,10301.099609375
598,2018-02-24 23:59:59,9813.0703125
599,2018-02-25 23:59:59,9664.73046875
600,2018-02-26 23:59:59,10366.7001953125
601,2018-02-27 23:59:59,10725.599609375
602,2018-02-28 23:59:59,10397.900390625
603,2018-03-01 23:59:59,10951.0
604,2018-03-02 23:59:59,11086.400390625
605,2018-03-03 23:59:59,11489.7001953125
606,2018-03-04 23:59:59,11512.599609375
607,2018-03-05 23:59:59,11573.2998046875
608,2018-03-06 23:59:59,10779.900390625
609,2018-03-07 23:59:59,9965.5703125
610,2018-03-08 23:59:59,9395.009765625
611,2018-03-09 23:59:59,9337.5498046875
612,2018-03-10 23:59:59,8866.0
613,2018-03-11 23:59:59,9578.6298828125
614,2018-03-12 23:59:59,9205.1201171875
615,2018-03-13 23:59:59,9194.849609375
616,2018-03-14 23:59:59,8269.8095703125
617,2018-03-15 23:59:59,8300.8603515625
618,2018-03-16 23:59:59,8338.349609375
619,2018-03-17 23:59:59,7916.8798828125
620,2018-03-18 23:59:59,8223.6796875
621,2018-03-19 23:59:59,8630.650390625
622,2018-03-20 23:59:59,8913.4697265625
623,2018-03-21 23:59:59,8929.2802734375
624,2018-03-22 23:59:59,8728.4697265625
625,2018-03-23 23:59:59,8879.6201171875
626,2018-03-24 23:59:59,8668.1201171875
627,2018-03-25 23:59:59,8495.7802734375
628,2018-03-26 23:59:59,8209.400390625
629,2018-03-27 23:59:59,7833.0400390625
630,2018-03-28 23:59:59,7954.47998046875
631,2018-03-29 23:59:59,7165.7001953125
632,2018-03-30 23:59:59,6890.52001953125
633,2018-03-31 23:59:59,6973.52978515625
634,2018-04-01 23:59:59,6844.22998046875
635,2018-04-02 23:59:59,7083.7998046875
636,2018-04-03 23:59:59,7456.10986328125
637,2018-04-04 23:59:59,6853.83984375
638,2018-04-05 23:59:59,6811.47021484375
639,2018-04-06 23:59:59,6636.31982421875
640,2018-04-07 23:59:59,6911.08984375
641,2018-04-08 23:59:59,7023.52001953125
642,2018-04-09 23:59:59,6770.72998046875
643,2018-04-10 23:59:59,6834.759765625
644,2018-04-11 23:59:59,6968.31982421875
645,2018-04-12 23:59:59,7889.25
646,2018-04-13 23:59:59,7895.9599609375
647,2018-04-14 23:59:59,7986.240234375
648,2018-04-15 23:59:59,8329.1103515625
649,2018-04-16 23:59:59,8058.669921875
650,2018-04-17 23:59:59,7902.08984375
651,2018-04-18 23:59:59,8163.419921875
652,2018-04-19 23:59:59,8294.3095703125
653,2018-04-20 23:59:59,8845.830078125
654,2018-04-21 23:59:59,8895.580078125
655,2018-04-22 23:59:59,8802.4599609375
656,2018-04-23 23:59:59,8930.8798828125
657,2018-04-24 23:59:59,9697.5
658,2018-04-25 23:59:59,8845.740234375
659,2018-04-26 23:59:59,9281.509765625
660,2018-04-27 23:59:59,8987.0498046875
661,2018-04-28 23:59:59,9348.48046875
662,2018-04-29 23:59:59,9419.080078125
663,2018-04-30 23:59:59,9240.5498046875
664,2018-05-01 23:59:59,9119.009765625
665,2018-05-02 23:59:59,9235.919921875
666,2018-05-03 23:59:59,9743.8603515625
667,2018-05-04 23:59:59,9700.759765625
668,2018-05-05 23:59:59,9858.150390625
669,2018-05-06 23:59:59,9654.7998046875
670,2018-05-07 23:59:59,9373.009765625
671,2018-05-08 23:59:59,9234.8203125
672,2018-05-09 23:59:59,9325.1796875
673,2018-05-10 23:59:59,9043.9404296875
674,2018-05-11 23:59:59,8441.490234375
675,2018-05-12 23:59:59,8504.8896484375
676,2018-05-13 23:59:59,8723.9404296875
677,2018-05-14 23:59:59,8716.7900390625
678,2018-05-15 23:59:59,8510.3798828125
679,2018-05-16 23:59:59,8368.830078125
680,2018-05-17 23:59:59,8094.31982421875
681,2018-05-18 23:59:59,8250.9697265625
682,2018-05-19 23:59:59,8247.1796875
683,2018-05-20 23:59:59,8513.25
684,2018-05-21 23:59:59,8418.990234375
685,2018-05-22 23:59:59,8041.77978515625
686,2018-05-23 23:59:59,7557.81982421875
687,2018-05-24 23:59:59,7587.33984375
688,2018-05-25 23:59:59,7480.14013671875
689,2018-05-26 23:59:59,7355.8798828125
690,2018-05-27 23:59:59,7368.22021484375
691,2018-05-28 23:59:59,7135.990234375
692,2018-05-29 23:59:59,7472.58984375
693,2018-05-30 23:59:59,7406.52001953125
694,2018-05-31 23:59:59,7494.169921875
695,2018-06-01 23:59:59,7541.4501953125
696,2018-06-02 23:59:59,7643.4501953125
697,2018-06-03 23:59:59,7720.25
698,2018-06-04 23:59:59,7514.47021484375
699,2018-06-05 23:59:59,7633.759765625
700,2018-06-06 23:59:59,7653.97998046875
701,2018-06-07 23:59:59,7678.240234375
702,2018-06-08 23:59:59,7624.919921875
703,2018-06-09 23:59:59,7531.97998046875
704,2018-06-10 23:59:59,6786.02001953125
705,2018-06-11 23:59:59,6906.919921875
706,2018-06-12 23:59:59,6582.35986328125
707,2018-06-13 23:59:59,6349.89990234375
708,2018-06-14 23:59:59,6675.35009765625
709,2018-06-15 23:59:59,6456.580078125
710,2018-06-16 23:59:59,6550.16015625
711,2018-06-17 23:59:59,6499.27001953125
712,2018-06-18 23:59:59,6734.81982421875
713,2018-06-19 23:59:59,6769.93994140625
714,2018-06-20 23:59:59,6776.5498046875
715,2018-06-21 23:59:59,6729.740234375
716,2018-06-22 23:59:59,6083.68994140625
717,2018-06-23 23:59:59,6162.47998046875
718,2018-06-24 23:59:59,6173.22998046875
719,2018-06-25 23:59:59,6249.18017578125
720,2018-06-26 23:59:59,6093.669921875
721,2018-06-27 23:59:59,6157.1298828125
722,2018-06-28 23:59:59,5903.43994140625
723,2018-06-29 23:59:59,6218.2998046875
724,2018-06-30 23:59:59,6404.0
725,2018-07-01 23:59:59,6385.81982421875
726,2018-07-02 23:59:59,6614.18017578125
727,2018-07-03 23:59:59,6529.58984375
728,2018-07-04 23:59:59,6597.5498046875
729,2018-07-05 23:59:59,6639.14013671875
730,2018-07-06 23:59:59,6673.5
731,2018-07-07 23:59:59,6856.93017578125
732,2018-07-08 23:59:59,6773.8798828125
733,2018-07-09 23:59:59,6741.75
734,2018-07-10 23:59:59,6329.9501953125
735,2018-07-11 23:59:59,6394.7099609375
736,2018-07-12 23:59:59,6228.81005859375
737,2018-07-13 23:59:59,6238.0498046875
738,2018-07-14 23:59:59,6276.1201171875
739,2018-07-15 23:59:59,6359.64013671875
740,2018-07-16 23:59:59,6741.75
741,2018-07-17 23:59:59,7321.0400390625
742,2018-07-18 23:59:59,7370.77978515625
743,2018-07-19 23:59:59,7466.85986328125
744,2018-07-20 23:59:59,7354.1298828125
745,2018-07-21 23:59:59,7419.2900390625
746,2018-07-22 23:59:59,7418.490234375
747,2018-07-23 23:59:59,7711.10986328125
748,2018-07-24 23:59:59,8424.26953125
749,2018-07-25 23:59:59,8181.39013671875
750,2018-07-26 23:59:59,7951.580078125
751,2018-07-27 23:59:59,8165.009765625
752,2018-07-28 23:59:59,8192.150390625
753,2018-07-29 23:59:59,8218.4599609375
754,2018-07-30 23:59:59,8180.48
755,2018-07-31 23:59:59,7780.44
756,2018-08-01 23:59:59,7624.91
757,2018-08-02 23:59:59,7567.15
758,2018-08-03 23:59:59,7434.39
759,2018-08-04 23:59:59,7032.85
760,2018-08-05 23:59:59,7068.48
761,2018-08-06 23:59:59,6951.8
762,2018-08-07 23:59:59,6753.12
763,2018-08-08 23:59:59,6305.8
764,2018-08-09 23:59:59,6568.23
765,2018-08-10 23:59:59,6184.71
766,2018-08-11 23:59:59,6295.73
767,2018-08-12 23:59:59,6322.69
768,2018-08-13 23:59:59,6297.57
769,2018-08-14 23:59:59,6199.71
770,2018-08-15 23:59:59,6308.52
771,2018-08-16 23:59:59,6334.73
772,2018-08-17 23:59:59,6580.63
773,2018-08-18 23:59:59,6423.76
774,2018-08-19 23:59:59,6506.07
775,2018-08-20 23:59:59,6308.53
776,2018-08-21 23:59:59,6488.76
777,2018-08-22 23:59:59,6376.71
778,2018-08-23 23:59:59,6534.88
779,2018-08-24 23:59:59,6719.96
780,2018-08-25 23:59:59,6763.19
781,2018-08-26 23:59:59,6707.26
782,2018-08-27 23:59:59,6884.64
783,2018-08-28 23:59:59,7096.28
784,2018-08-29 23:59:59,7047.16
785,2018-08-30 23:59:59,6978.23
786,2018-08-31 23:59:59,7037.58
787,2018-09-01 23:59:59,7193.25
788,2018-09-02 23:59:59,7272.72
789,2018-09-03 23:59:59,7260.06
790,2018-09-04 23:59:59,7361.66
791,2018-09-05 23:59:59,6792.83
792,2018-09-06 23:59:59,6529.17
793,2018-09-07 23:59:59,6467.07
794,2018-09-08 23:59:59,6225.98
795,2018-09-09 23:59:59,6300.86
796,2018-09-10 23:59:59,6329.7
797,2018-09-11 23:59:59,6321.2
798,2018-09-12 23:59:59,6351.8
799,2018-09-13 23:59:59,6517.31
800,2018-09-14 23:59:59,6512.71
801,2018-09-15 23:59:59,6543.2
802,2018-09-16 23:59:59,6517.18
803,2018-09-17 23:59:59,6281.2
804,2018-09-18 23:59:59,6371.3
805,2018-09-19 23:59:59,6398.54
806,2018-09-20 23:59:59,6519.67
807,2018-09-21 23:59:59,6734.95
808,2018-09-22 23:59:59,6721.98
809,2018-09-23 23:59:59,6710.63
810,2018-09-24 23:59:59,6595.41
811,2018-09-25 23:59:59,6446.47
812,2018-09-26 23:59:59,6495.0
813,2018-09-27 23:59:59,6676.75
814,2018-09-28 23:59:59,6644.13
815,2018-09-29 23:59:59,6601.96
816,2018-09-30 23:59:59,6625.56
817,2018-10-01 23:59:59,6589.62
818,2018-10-02 23:59:59,6556.1
819,2018-10-03 23:59:59,6502.59
820,2018-10-04 23:59:59,6576.69
821,2018-10-05 23:59:59,6622.48
822,2018-10-06 23:59:59,6588.31
823,2018-10-07 23:59:59,6602.95
824,2018-10-08 23:59:59,6652.23
825,2018-10-09 23:59:59,6642.64
826,2018-10-10 23:59:59,6585.53
827,2018-10-11 23:59:59,6256.24
828,2018-10-12 23:59:59,6274.58
829,2018-10-13 23:59:59,6285.99
830,2018-10-14 23:59:59,6290.93
831,2018-10-15 23:59:59,6596.54
832,2018-10-16 23:59:59,6596.11
833,2018-10-17 23:59:59,6544.43
834,2018-10-18 23:59:59,6476.71
835,2018-10-19 23:59:59,6465.41
836,2018-10-20 23:59:59,6489.19
837,2018-10-21 23:59:59,6482.35
838,2018-10-22 23:59:59,6487.16
839,2018-10-23 23:59:59,6475.74
840,2018-10-24 23:59:59,6495.84
841,2018-10-25 23:59:59,6476.29
842,2018-10-26 23:59:59,6474.75
843,2018-10-27 23:59:59,6480.38
844,2018-10-28 23:59:59,6486.39
845,2018-10-29 23:59:59,6332.63
846,2018-10-30 23:59:59,6334.27
847,2018-10-31 23:59:59,6317.61
848,2018-11-01 23:59:59,6377.78
849,2018-11-02 23:59:59,6388.44
850,2018-11-03 23:59:59,6361.26
851,2018-11-04 23:59:59,6376.13
852,2018-11-05 23:59:59,6419.66
853,2018-11-06 23:59:59,6461.01
854,2018-11-07 23:59:59,6530.14
855,2018-11-08 23:59:59,6453.72
856,2018-11-09 23:59:59,6385.62
857,2018-11-10 23:59:59,6409.22
858,2018-11-11 23:59:59,6411.27
859,2018-11-12 23:59:59,6371.27
860,2018-11-13 23:59:59,6359.49
861,2018-11-14 23:59:59,5738.35
862,2018-11-15 23:59:59,5648.03
863,2018-11-16 23:59:59,5575.55
864,2018-11-17 23:59:59,5554.33
865,2018-11-18 23:59:59,5623.54
866,2018-11-19 23:59:59,4871.49
867,2018-11-20 23:59:59,4451.87
868,2018-11-21 23:59:59,4602.17
869,2018-11-22 23:59:59,4365.94
870,2018-11-23 23:59:59,4347.11
871,2018-11-24 23:59:59,3880.76
872,2018-11-25 23:59:59,4009.97
873,2018-11-26 23:59:59,3779.13
874,2018-11-27 23:59:59,3820.72
875,2018-11-28 23:59:59,4257.42
876,2018-11-29 23:59:59,4278.84645524
877,2018-11-30 23:59:59,4017.26845712
878,2018-12-01 23:59:59,4214.67193177
879,2018-12-02 23:59:59,4139.8780641
880,2018-12-03 23:59:59,3894.1309069
881,2018-12-04 23:59:59,3956.89386975
882,2018-12-05 23:59:59,3753.99482663
883,2018-12-06 23:59:59,3521.10172384
884,2018-12-07 23:59:59,3419.93720035
885,2018-12-08 23:59:59,3476.11471452
886,2018-12-09 23:59:59,3614.23427278
887,2018-12-10 23:59:59,3502.65599577
888,2018-12-11 23:59:59,3424.58807495
889,2018-12-12 23:59:59,3486.95014412
890,2018-12-13 23:59:59,3313.67725772
891,2018-12-14 23:59:59,3242.48476281
892,2018-12-15 23:59:59,3236.76164502
893,2018-12-16 23:59:59,3252.83902595
894,2018-12-17 23:59:59,3545.86476058
895,2018-12-18 23:59:59,3696.05912776
896,2018-12-19 23:59:59,3745.95076478
897,2018-12-20 23:59:59,4134.44120304
898,2018-12-21 23:59:59,3896.54371704
899,2018-12-22 23:59:59,4014.18251388
900,2018-12-23 23:59:59,3998.98034184
901,2018-12-24 23:59:59,4078.59919478
902,2018-12-25 23:59:59,3815.49060966
903,2018-12-26 23:59:59,3857.29751969
904,2018-12-27 23:59:59,3654.83353854
905,2018-12-28 23:59:59,3923.91859424
906,2018-12-29 23:59:59,3820.40868219
907,2018-12-30 23:59:59,3865.95257679
908,2018-12-31 23:59:59,3742.70033544
909,2019-01-01 23:59:59,3843.51996727
910,2019-01-02 23:59:59,3943.40933686
911,2019-01-03 23:59:59,3836.74131867
912,2019-01-04 23:59:59,3857.71761887
913,2019-01-05 23:59:59,3845.19446017
914,2019-01-06 23:59:59,4076.63268458
915,2019-01-07 23:59:59,4025.24828708
916,2019-01-08 23:59:59,4030.84799935
917,2019-01-09 23:59:59,4035.29636921
918,2019-01-10 23:59:59,3678.92468128
919,2019-01-11 23:59:59,3687.3654818
920,2019-01-12 23:59:59,3661.30098975
921,2019-01-13 23:59:59,3552.95306759
922,2019-01-14 23:59:59,3706.05222041
923,2019-01-15 23:59:59,3630.67522467
924,2019-01-16 23:59:59,3655.00688578
925,2019-01-17 23:59:59,3678.56397636
926,2019-01-18 23:59:59,3657.83943502
927,2019-01-19 23:59:59,3728.56836493
928,2019-01-20 23:59:59,3601.0135915
929,2019-01-21 23:59:59,3576.03243928
930,2019-01-22 23:59:59,3604.57705248
931,2019-01-23 23:59:59,3585.12306636
932,2019-01-24 23:59:59,3600.86550122
933,2019-01-25 23:59:59,3599.7658879
934,2019-01-26 23:59:59,3602.46043861
935,2019-01-27 23:59:59,3583.96576317
936,2019-01-28 23:59:59,3470.45054223
937,2019-01-29 23:59:59,3448.11702209
938,2019-01-30 23:59:59,3486.18175093
939,2019-01-31 23:59:59,3457.79274724
940,2019-02-01 23:59:59,3487.94538683
941,2019-02-02 23:59:59,3521.06078726
942,2019-02-03 23:59:59,3464.01332586
943,2019-02-04 23:59:59,3459.15414635
944,2019-02-05 23:59:59,3466.35743916
945,2019-02-06 23:59:59,3413.7677183
946,2019-02-07 23:59:59,3399.47164359
947,2019-02-08 23:59:59,3666.78035061
948,2019-02-09 23:59:59,3671.20370545
949,2019-02-10 23:59:59,3690.18824383
950,2019-02-11 23:59:59,3648.43062774
951,2019-02-12 23:59:59,3653.52864497
952,2019-02-13 23:59:59,3632.07060268
953,2019-02-14 23:59:59,3616.88097021
954,2019-02-15 23:59:59,3620.81075285
955,2019-02-16 23:59:59,3629.78749138
956,2019-02-17 23:59:59,3673.83629289
957,2019-02-18 23:59:59,3915.71447331
958,2019-02-19 23:59:59,3947.09440657
959,2019-02-20 23:59:59,3999.82050882
960,2019-02-21 23:59:59,3954.1182433
961,2019-02-22 23:59:59,4005.52660406
962,2019-02-23 23:59:59,4142.52692999
963,2019-02-24 23:59:59,3810.42743065
964,2019-02-25 23:59:59,3882.69629339
965,2019-02-26 23:59:59,3854.35793575
966,2019-02-27 23:59:59,3851.04747978
967,2019-02-28 23:59:59,3854.78528208
968,2019-03-01 23:59:59,3859.58375221
969,2019-03-02 23:59:59,3864.41510673
970,2019-03-03 23:59:59,3847.17569934
971,2019-03-04 23:59:59,3761.55701842
972,2019-03-05 23:59:59,3896.37502308
973,2019-03-06 23:59:59,3903.9425832
974,2019-03-07 23:59:59,3911.4842891
975,2019-03-08 23:59:59,3901.13162355
976,2019-03-09 23:59:59,3963.31374243
977,2019-03-10 23:59:59,3951.59982769
978,2019-03-11 23:59:59,3905.22731979
979,2019-03-12 23:59:59,3909.15620907
980,2019-03-13 23:59:59,3906.71716859
981,2019-03-14 23:59:59,3924.369118
982,2019-03-15 23:59:59,3960.91118728
983,2019-03-16 23:59:59,4048.72590374
984,2019-03-17 23:59:59,4025.22897966
985,2019-03-18 23:59:59,4032.50738522
986,2019-03-19 23:59:59,4071.19020004
987,2019-03-20 23:59:59,4087.47629856
988,2019-03-21 23:59:59,4029.32690706
989,2019-03-22 23:59:59,4023.96816173
990,2019-03-23 23:59:59,4035.82635079
991,2019-03-24 23:59:59,4022.1682822
992,2019-03-25 23:59:59,3963.07065416
993,2019-03-26 23:59:59,3985.08080287
994,2019-03-27 23:59:59,4087.06622992
995,2019-03-28 23:59:59,4069.10714977
996,2019-03-29 23:59:59,4098.37454059
997,2019-03-30 23:59:59,4106.66008466
998,2019-03-31 23:59:59,4105.40429618
999,2019-04-01 23:59:59,4158.18307045
1000,2019-04-02 23:59:59,4879.87782845
1001,2019-04-03 23:59:59,4973.02181522
1002,2019-04-04 23:59:59,4922.79878778
1003,2019-04-05 23:59:59,5036.68110011
1004,2019-04-06 23:59:59,5059.81718799
1005,2019-04-07 23:59:59,5198.89699014
1006,2019-04-08 23:59:59,5289.77104039
1007,2019-04-09 23:59:59,5204.95837847
1008,2019-04-10 23:59:59,5324.5518687
1009,2019-04-11 23:59:59,5064.48767243
1010,2019-04-12 23:59:59,5089.53891201
1011,2019-04-13 23:59:59,5096.58656276
1012,2019-04-14 23:59:59,5167.72236684
1013,2019-04-15 23:59:59,5067.10847228
1014,2019-04-16 23:59:59,5235.55941893
1015,2019-04-17 23:59:59,5251.93818854
1016,2019-04-18 23:59:59,5298.38569881
1017,2019-04-19 23:59:59,5303.81261613
1018,2019-04-20 23:59:59,5337.8861323
1019,2019-04-21 23:59:59,5314.5314532
1020,2019-04-22 23:59:59,5399.36541009
1021,2019-04-23 23:59:59,5572.36206051
1022,2019-04-24 23:59:59,5464.86664182
1023,2019-04-25 23:59:59,5210.51555862
1024,2019-04-26 23:59:59,5279.34821147
1025,2019-04-27 23:59:59,5268.29106346
1026,2019-04-28 23:59:59,5285.13900822
1027,2019-04-29 23:59:59,5247.35253746
1028,2019-04-30 23:59:59,5350.72669668
1029,2019-05-01 23:59:59,5402.69709069
1030,2019-05-02 23:59:59,5505.28367176
1031,2019-05-03 23:59:59,5768.28940693
1032,2019-05-04 23:59:59,5831.16747167
1033,2019-05-05 23:59:59,5795.70842926
1034,2019-05-06 23:59:59,5746.80700343
1035,2019-05-07 23:59:59,5829.50151628
1036,2019-05-08 23:59:59,5982.45732286
1037,2019-05-09 23:59:59,6174.52868876
1038,2019-05-10 23:59:59,6378.8489737
1039,2019-05-11 23:59:59,7204.77169716
1040,2019-05-12 23:59:59,6972.37152291
1041,2019-05-13 23:59:59,7814.91513992
1042,2019-05-14 23:59:59,7994.41615632
1043,2019-05-15 23:59:59,8205.16749484
1044,2019-05-16 23:59:59,7884.90929094
1045,2019-05-17 23:59:59,7343.89571659
1046,2019-05-18 23:59:59,7271.20790408
1047,2019-05-19 23:59:59,8197.68969114
1048,2019-05-20 23:59:59,7978.30907244
1049,2019-05-21 23:59:59,7963.32777911
1050,2019-05-22 23:59:59,7680.06654589
1051,2019-05-23 23:59:59,7881.84672105
1052,2019-05-24 23:59:59,7987.37156583
1053,2019-05-25 23:59:59,8052.54385907
1054,2019-05-26 23:59:59,8673.21603511
1055,2019-05-27 23:59:59,8805.7783766
1056,2019-05-28 23:59:59,8719.9617362
1057,2019-05-29 23:59:59,8659.48775584
1058,2019-05-30 23:59:59,8319.47222898
1059,2019-05-31 23:59:59,8574.50164907
1060,2019-06-01 23:59:59,8564.01647182
1061,2019-06-02 23:59:59,8742.95810038
1062,2019-06-03 23:59:59,8208.99482964
1063,2019-06-04 23:59:59,7707.77077085
1064,2019-06-05 23:59:59,7824.23153913
1065,2019-06-06 23:59:59,7822.02338228
1066,2019-06-07 23:59:59,8043.95135807
1067,2019-06-08 23:59:59,7954.12772355
1068,2019-06-09 23:59:59,7688.07711075
1069,2019-06-10 23:59:59,8000.32982299
1070,2019-06-11 23:59:59,7927.71435114
1071,2019-06-12 23:59:59,8145.85747373
1072,2019-06-13 23:59:59,8230.92383068
1073,2019-06-14 23:59:59,8693.83281543
1074,2019-06-15 23:59:59,8838.37523367
1075,2019-06-16 23:59:59,8994.48801293
1076,2019-06-17 23:59:59,9320.35218253
1077,2019-06-18 23:59:59,9081.76285149
1078,2019-06-19 23:59:59,9273.52176614
1079,2019-06-20 23:59:59,9527.16035008
1080,2019-06-21 23:59:59,10144.5567168
1081,2019-06-22 23:59:59,10701.691013
1082,2019-06-23 23:59:59,10855.3710156
1083,2019-06-24 23:59:59,11011.1024485
1084,2019-06-25 23:59:59,11790.916533
1085,2019-06-26 23:59:59,13016.2317442
1086,2019-06-27 23:59:59,11182.8062855
1087,2019-06-28 23:59:59,12407.331998
1088,2019-06-29 23:59:59,11959.3709764
1089,2019-06-30 23:59:59,10817.1555981
1090,2019-07-01 23:59:59,10583.1345195
1091,2019-07-02 23:59:59,10801.6779238
1092,2019-07-03 23:59:59,11961.2693412
1093,2019-07-04 23:59:59,11215.4375483
1094,2019-07-05 23:59:59,10978.4599518
1095,2019-07-06 23:59:59,11208.5508454
1096,2019-07-07 23:59:59,11450.8467553
1097,2019-07-08 23:59:59,12285.958217
1098,2019-07-09 23:59:59,12573.8129407
1099,2019-07-10 23:59:59,12156.5126313
1100,2019-07-11 23:59:59,11358.661752
1101,2019-07-12 23:59:59,11815.9866867
1102,2019-07-13 23:59:59,11392.3793357
1103,2019-07-14 23:59:59,10256.0582756
1104,2019-07-15 23:59:59,10895.0893874
1105,2019-07-16 23:59:59,9477.64204235
1106,2019-07-17 23:59:59,9693.80272448
1107,2019-07-18 23:59:59,10666.4828491
1108,2019-07-19 23:59:59,10530.7326264
1109,2019-07-20 23:59:59,10767.1395226
1110,2019-07-21 23:59:59,10599.1053965
1111,2019-07-22 23:59:59,10343.1061684
1112,2019-07-23 23:59:59,9900.76801058
1113,2019-07-24 23:59:59,9811.92618837
1114,2019-07-25 23:59:59,9911.84226491
1115,2019-07-26 23:59:59,9870.30353766
1116,2019-07-27 23:59:59,9477.67767811
1117,2019-07-28 23:59:59,9552.86043541
1118,2019-07-29 23:59:59,9519.14591371
1119,2019-07-30 23:59:59,9607.42368665
1120,2019-07-31 23:59:59,10085.6277491
1121,2019-08-01 23:59:59,10399.6694229
1122,2019-08-02 23:59:59,10518.1746772
1123,2019-08-03 23:59:59,10821.7265103
1124,2019-08-04 23:59:59,10970.1842157
1125,2019-08-05 23:59:59,11805.6537253
1126,2019-08-06 23:59:59,11478.1693461
1127,2019-08-07 23:59:59,11941.9683406
1128,2019-08-08 23:59:59,11966.407405
1129,2019-08-09 23:59:59,11862.93676
1130,2019-08-10 23:59:59,11354.0242177
1131,2019-08-11 23:59:59,11523.5793784
1132,2019-08-12 23:59:59,11382.6159562
1133,2019-08-13 23:59:59,10895.8304358
1134,2019-08-14 23:59:59,10051.7039313
1135,2019-08-15 23:59:59,10311.545429
1136,2019-08-16 23:59:59,10374.3393471
1137,2019-08-17 23:59:59,10231.7438454
1138,2019-08-18 23:59:59,10345.8103795
1139,2019-08-19 23:59:59,10916.0538702
1140,2019-08-20 23:59:59,10763.2326304
1141,2019-08-21 23:59:59,10138.049355
1142,2019-08-22 23:59:59,10131.0561021
1143,2019-08-23 23:59:59,10407.965329
1144,2019-08-24 23:59:59,10159.9605385
1145,2019-08-25 23:59:59,10138.517665
1146,2019-08-26 23:59:59,10370.8201605
1147,2019-08-27 23:59:59,10185.4998997
1148,2019-08-28 23:59:59,9754.42327325
1149,2019-08-29 23:59:59,9510.20054413
1150,2019-08-30 23:59:59,9598.17364826
1151,2019-08-31 23:59:59,9630.66384768
1152,2019-09-01 23:59:59,9757.97031807
1153,2019-09-02 23:59:59,10346.7607927
1154,2019-09-03 23:59:59,10623.5401172
1155,2019-09-04 23:59:59,10594.4933536
1156,2019-09-05 23:59:59,10575.533284
1157,2019-09-06 23:59:59,10353.3025592
1158,2019-09-07 23:59:59,10517.254784
1159,2019-09-08 23:59:59,10441.275979
1160,2019-09-09 23:59:59,10334.9741628
1161,2019-09-10 23:59:59,10115.9757913
1162,2019-09-11 23:59:59,10178.3718893
1163,2019-09-12 23:59:59,10410.1268031
1164,2019-09-13 23:59:59,10360.5472773
1165,2019-09-14 23:59:59,10358.0491621
1166,2019-09-15 23:59:59,10347.7129074
1167,2019-09-16 23:59:59,10276.7935649
1168,2019-09-17 23:59:59,10241.2721545
1169,2019-09-18 23:59:59,10198.2484072
1170,2019-09-19 23:59:59,10266.4149694
1171,2019-09-20 23:59:59,10181.6413094
1172,2019-09-21 23:59:59,10019.7169101
1173,2019-09-22 23:59:59,10070.3921064
1174,2019-09-23 23:59:59,9729.32376435
1175,2019-09-24 23:59:59,8620.56642733
1176,2019-09-25 23:59:59,8486.99297206
1177,2019-09-26 23:59:59,8118.96756783
1178,2019-09-27 23:59:59,8251.84555744
1179,2019-09-28 23:59:59,8245.91515478
1180,2019-09-29 23:59:59,8104.18567564
1181,2019-09-30 23:59:59,8293.86774062
1182,2019-10-01 23:59:59,8343.2766814
1183,2019-10-02 23:59:59,8393.04164486
1184,2019-10-03 23:59:59,8259.99197863
1185,2019-10-04 23:59:59,8205.93924121
1186,2019-10-05 23:59:59,8151.50052921
1187,2019-10-06 23:59:59,7988.15595888
1188,2019-10-07 23:59:59,8245.622933
1189,2019-10-08 23:59:59,8228.7831528
1190,2019-10-09 23:59:59,8595.73981722
1191,2019-10-10 23:59:59,8586.47342543
1192,2019-10-11 23:59:59,8321.75671178
1193,2019-10-12 23:59:59,8336.55527417
1194,2019-10-13 23:59:59,8321.00574668
1195,2019-10-14 23:59:59,8374.6864467
1196,2019-10-15 23:59:59,8205.36931588
1197,2019-10-16 23:59:59,8047.52686305
1198,2019-10-17 23:59:59,8103.91137325
1199,2019-10-18 23:59:59,7973.20744597
1200,2019-10-19 23:59:59,7988.56044241
1201,2019-10-20 23:59:59,8222.07826034
1202,2019-10-21 23:59:59,8243.72113905
1203,2019-10-22 23:59:59,8078.20332194
1204,2019-10-23 23:59:59,7514.67201276
1205,2019-10-24 23:59:59,7493.48873154
1206,2019-10-25 23:59:59,8660.70063696
1207,2019-10-26 23:59:59,9244.97220867
1208,2019-10-27 23:59:59,9551.7149631
1209,2019-10-28 23:59:59,9256.14838876
1210,2019-10-29 23:59:59,9427.68758384
1211,2019-10-30 23:59:59,9205.72655905
1212,2019-10-31 23:59:59,9199.58483269
1213,2019-11-01 23:59:59,9261.104352
1214,2019-11-02 23:59:59,9324.71776331
1215,2019-11-03 23:59:59,9235.35487947
1216,2019-11-04 23:59:59,9412.61187106
1217,2019-11-05 23:59:59,9342.52717939
1218,2019-11-06 23:59:59,9360.87991187
1219,2019-11-07 23:59:59,9267.56114253
1220,2019-11-08 23:59:59,8804.88071936
1221,2019-11-09 23:59:59,8813.58248677
1222,2019-11-10 23:59:59,9055.52605732
1223,2019-11-11 23:59:59,8757.78854226
1224,2019-11-12 23:59:59,8815.66253925
1225,2019-11-13 23:59:59,8808.2625823
1226,2019-11-14 23:59:59,8708.09509517
1227,2019-11-15 23:59:59,8491.99201234
1228,2019-11-16 23:59:59,8550.76055694
1229,2019-11-17 23:59:59,8577.9757816
1230,2019-11-18 23:59:59,8309.28598342
1231,2019-11-19 23:59:59,8206.14591807
1232,2019-11-20 23:59:59,8027.26824331
1233,2019-11-21 23:59:59,7642.74994484
1234,2019-11-22 23:59:59,7296.57756843
1235,2019-11-23 23:59:59,7397.7968154
1236,2019-11-24 23:59:59,7047.91688176
1237,2019-11-25 23:59:59,7146.13390214
1238,2019-11-26 23:59:59,7218.37133433
1239,2019-11-27 23:59:59,7531.6636446
1240,2019-11-28 23:59:59,7463.1061283
1241,2019-11-29 23:59:59,7761.24360172
1242,2019-11-30 23:59:59,7569.63012202
1243,2019-12-01 23:59:59,7424.29226516
1244,2019-12-02 23:59:59,7321.98811242
1245,2019-12-03 23:59:59,7320.1454684
1246,2019-12-04 23:59:59,7252.03458617
1247,2019-12-05 23:59:59,7448.30752084
1248,2019-12-06 23:59:59,7546.99669772
1249,2019-12-07 23:59:59,7556.23803387
1250,2019-12-08 23:59:59,7564.3454032
1251,2019-12-09 23:59:59,7400.89935576
1252,2019-12-10 23:59:59,7278.1197833
1253,2019-12-11 23:59:59,7217.4271152
1254,2019-12-12 23:59:59,7243.13436273
1255,2019-12-13 23:59:59,7269.68455922
1256,2019-12-14 23:59:59,7124.67396997
1257,2019-12-15 23:59:59,7152.30184412
1258,2019-12-16 23:59:59,6932.48038982
1259,2019-12-17 23:59:59,6640.51524608
1260,2019-12-18 23:59:59,7276.80277047
1261,2019-12-19 23:59:59,7202.84436364
1262,2019-12-20 23:59:59,7218.81638679
1263,2019-12-21 23:59:59,7191.15846913
1264,2019-12-22 23:59:59,7511.58904232
1265,2019-12-23 23:59:59,7355.62826671
1266,2019-12-24 23:59:59,7322.5324589
1267,2019-12-25 23:59:59,7275.15572845
1268,2019-12-26 23:59:59,7238.96702501
1269,2019-12-27 23:59:59,7290.08851803
1270,2019-12-28 23:59:59,7317.99003408
1271,2019-12-29 23:59:59,7422.65258898
1272,2019-12-30 23:59:59,7292.99507783
1273,2019-12-31 23:59:59,7193.59897843
1274,2020-01-01 23:59:59,7200.17439274
1275,2020-01-02 23:59:59,6985.47000061
1276,2020-01-03 23:59:59,7344.88418341
1277,2020-01-04 23:59:59,7410.65656642
1278,2020-01-05 23:59:59,7411.31732676
1279,2020-01-06 23:59:59,7769.21903905
1280,2020-01-07 23:59:59,8163.69223944
1281,2020-01-08 23:59:59,8079.86277673
1282,2020-01-09 23:59:59,7879.07152428
1283,2020-01-10 23:59:59,8166.55414039
1284,2020-01-11 23:59:59,8037.53738872
1285,2020-01-12 23:59:59,8192.49400532
1286,2020-01-13 23:59:59,8144.19451744
1287,2020-01-14 23:59:59,8827.76442606
1288,2020-01-15 23:59:59,8807.01027532
1289,2020-01-16 23:59:59,8723.78576573
1290,2020-01-17 23:59:59,8929.0376776
1291,2020-01-18 23:59:59,8942.80890321
1292,2020-01-19 23:59:59,8706.24512993
1293,2020-01-20 23:59:59,8657.64293942
1294,2020-01-21 23:59:59,8745.89478833
1295,2020-01-22 23:59:59,8680.87604222
1296,2020-01-23 23:59:59,8406.5160678
1297,2020-01-24 23:59:59,8445.43428152
1298,2020-01-25 23:59:59,8367.84777344
1299,2020-01-26 23:59:59,8596.82983316
1300,2020-01-27 23:59:59,8909.81917753
1301,2020-01-28 23:59:59,9358.59031703
1302,2020-01-29 23:59:59,9316.62950445
1303,2020-01-30 23:59:59,9508.9935947
1304,2020-01-31 23:59:59,9350.52936518
1305,2020-02-01 23:59:59,9392.87536841
1306,2020-02-02 23:59:59,9344.36529292
1307,2020-02-03 23:59:59,9293.52108908
1308,2020-02-04 23:59:59,9180.9629665
1309,2020-02-05 23:59:59,9613.42428895
1310,2020-02-06 23:59:59,9729.80223149
1311,2020-02-07 23:59:59,9795.94377253
1312,2020-02-08 23:59:59,9865.11946905
1313,2020-02-09 23:59:59,10116.673759
1314,2020-02-10 23:59:59,9856.61149362
1315,2020-02-11 23:59:59,10208.2362609
1316,2020-02-12 23:59:59,10326.0545246
1317,2020-02-13 23:59:59,10214.3794638
1318,2020-02-14 23:59:59,10312.1160909
1319,2020-02-15 23:59:59,9889.42462838
1320,2020-02-16 23:59:59,9934.43339025
1321,2020-02-17 23:59:59,9690.14261814
1322,2020-02-18 23:59:59,10141.9963705
1323,2020-02-19 23:59:59,9633.38688518
1324,2020-02-20 23:59:59,9608.47590343
1325,2020-02-21 23:59:59,9686.44119763
1326,2020-02-22 23:59:59,9663.18182933
1327,2020-02-23 23:59:59,9924.51522822
1328,2020-02-24 23:59:59,9650.17480677
1329,2020-02-25 23:59:59,9341.70516876
1330,2020-02-26 23:59:59,8820.52220005
1331,2020-02-27 23:59:59,8784.49384867
1332,2020-02-28 23:59:59,8672.45534996
1333,2020-02-29 23:59:59,8599.50861972
1334,2020-03-01 23:59:59,8562.45405008
1335,2020-03-02 23:59:59,8869.67031078
1336,2020-03-03 23:59:59,8787.78645576
1337,2020-03-04 23:59:59,8755.24589461
1338,2020-03-05 23:59:59,9078.76279174
1339,2020-03-06 23:59:59,9122.54557333
1340,2020-03-07 23:59:59,8909.9536515
1341,2020-03-08 23:59:59,8108.11629101
1342,2020-03-09 23:59:59,7923.6447033
1343,2020-03-10 23:59:59,7909.72939346
1344,2020-03-11 23:59:59,7911.43012933
1345,2020-03-12 23:59:59,4970.78790105
1346,2020-03-13 23:59:59,5563.70689169
1347,2020-03-14 23:59:59,5200.36626392
1348,2020-03-15 23:59:59,5392.31488002
1349,2020-03-16 23:59:59,5014.47997748
1350,2020-03-17 23:59:59,5225.62919259
1351,2020-03-18 23:59:59,5238.43857664
1352,2020-03-19 23:59:59,6191.19295222
1353,2020-03-20 23:59:59,6198.77820508
1354,2020-03-21 23:59:59,6185.06651501
1355,2020-03-22 23:59:59,5830.25479765
1356,2020-03-23 23:59:59,6416.31475839
1357,2020-03-24 23:59:59,6734.80378045
1358,2020-03-25 23:59:59,6681.06312656
1359,2020-03-26 23:59:59,6716.44054866
1360,2020-03-27 23:59:59,6469.79813509
1361,2020-03-28 23:59:59,6242.1938684
1362,2020-03-29 23:59:59,5922.0431227
1363,2020-03-30 23:59:59,6429.84193389
1364,2020-03-31 23:59:59,6438.64476637
1365,2020-04-01 23:59:59,6606.77626829
1366,2020-04-02 23:59:59,6793.62459642
1367,2020-04-03 23:59:59,6733.3873906
1368,2020-04-04 23:59:59,6867.52731596
1369,2020-04-05 23:59:59,6791.12944093
1370,2020-04-06 23:59:59,7271.7811527
1371,2020-04-07 23:59:59,7176.41450049
1372,2020-04-08 23:59:59,7334.09845346
1373,2020-04-09 23:59:59,7302.0895105
1374,2020-04-10 23:59:59,6865.49337195
1375,2020-04-11 23:59:59,6859.08296343
1376,2020-04-12 23:59:59,6971.09159108
1377,2020-04-13 23:59:59,6845.03769683
1378,2020-04-14 23:59:59,6842.42786097
1379,2020-04-15 23:59:59,6642.10989286
1380,2020-04-16 23:59:59,7116.80421777
1381,2020-04-17 23:59:59,7096.18465879
1382,2020-04-18 23:59:59,7257.66485847
1383,2020-04-19 23:59:59,7189.42482356
1384,2020-04-20 23:59:59,6881.95869275
1385,2020-04-21 23:59:59,6880.32347375
1386,2020-04-22 23:59:59,7117.20747869
1387,2020-04-23 23:59:59,7429.72464927
1388,2020-04-24 23:59:59,7550.90102725
1389,2020-04-25 23:59:59,7569.93603405
1390,2020-04-26 23:59:59,7679.86720422
1391,2020-04-27 23:59:59,7795.60083451
1392,2020-04-28 23:59:59,7807.05845106
1393,2020-04-29 23:59:59,8801.03776688
1394,2020-04-30 23:59:59,8658.55417975
1395,2020-05-01 23:59:59,8864.76680793
1396,2020-05-02 23:59:59,8988.5962069
1397,2020-05-03 23:59:59,8897.46850985
1398,2020-05-04 23:59:59,8912.65460539
1399,2020-05-05 23:59:59,9003.07017834
1400,2020-05-06 23:59:59,9268.76208066
1401,2020-05-07 23:59:59,9951.5187451
1402,2020-05-08 23:59:59,9842.66636785
1403,2020-05-09 23:59:59,9593.89673363
1404,2020-05-10 23:59:59,8756.43114193
1405,2020-05-11 23:59:59,8601.79620238
1406,2020-05-12 23:59:59,8804.47781074
1407,2020-05-13 23:59:59,9269.98770576
1408,2020-05-14 23:59:59,9733.72147137
1409,2020-05-15 23:59:59,9328.19722645
1410,2020-05-16 23:59:59,9377.0140257
1411,2020-05-17 23:59:59,9670.73937122
1412,2020-05-18 23:59:59,9726.5748149
1413,2020-05-19 23:59:59,9729.0379192
1414,2020-05-20 23:59:59,9522.98115678
1415,2020-05-21 23:59:59,9081.76202252
1416,2020-05-22 23:59:59,9182.57751787
1417,2020-05-23 23:59:59,9209.28742769
1418,2020-05-24 23:59:59,8790.36800074
1419,2020-05-25 23:59:59,8906.93476142
1420,2020-05-26 23:59:59,8835.05306073
1421,2020-05-27 23:59:59,9181.01794762
1422,2020-05-28 23:59:59,9525.7510947
1423,2020-05-29 23:59:59,9439.12439045
1424,2020-05-30 23:59:59,9700.41407169
1425,2020-05-31 23:59:59,9461.05891806
1426,2020-06-01 23:59:59,10167.2681012
1427,2020-06-02 23:59:59,9529.80414872
1428,2020-06-03 23:59:59,9656.71776526
1429,2020-06-04 23:59:59,9800.63659532
1430,2020-06-05 23:59:59,9665.53278908
1431,2020-06-06 23:59:59,9653.67926335
1432,2020-06-07 23:59:59,9758.8524174
1433,2020-06-08 23:59:59,9771.48948366
1434,2020-06-09 23:59:59,9795.70019463
1435,2020-06-10 23:59:59,9870.09445278
1436,2020-06-11 23:59:59,9321.78129819
1437,2020-06-12 23:59:59,9480.84378943
1438,2020-06-13 23:59:59,9475.27733834
1439,2020-06-14 23:59:59,9386.78789214
1440,2020-06-15 23:59:59,9450.70198692
1441,2020-06-16 23:59:59,9538.0243743
1442,2020-06-17 23:59:59,9480.25536624
1443,2020-06-18 23:59:59,9411.84046197
1444,2020-06-19 23:59:59,9288.01871603
1445,2020-06-20 23:59:59,9332.340762
1446,2020-06-21 23:59:59,9303.62971409
1447,2020-06-22 23:59:59,9648.71760979
1448,2020-06-23 23:59:59,9629.65836578
1449,2020-06-24 23:59:59,9313.61034868
1450,2020-06-25 23:59:59,9264.81304308
1451,2020-06-26 23:59:59,9162.91760386
1452,2020-06-27 23:59:59,9045.39095672
1453,2020-06-28 23:59:59,9143.58219104
1454,2020-06-29 23:59:59,9190.85446467
1455,2020-06-30 23:59:59,9137.99340026
1456,2020-07-01 23:59:59,9228.32559024
1457,2020-07-02 23:59:59,9123.41015432
1458,2020-07-03 23:59:59,9087.30391103
1459,2020-07-04 23:59:59,9132.48795051
1460,2020-07-05 23:59:59,9073.94286936
1461,2020-07-06 23:59:59,9375.47475925
1462,2020-07-07 23:59:59,9252.27750386
1463,2020-07-08 23:59:59,9428.3330848
1464,2020-07-09 23:59:59,9277.96790642
1465,2020-07-10 23:59:59,9278.8078672
1466,2020-07-11 23:59:59,9240.34632654
1467,2020-07-12 23:59:59,9276.49985018
1468,2020-07-13 23:59:59,9243.61385509
1469,2020-07-14 23:59:59,9243.21341642
1470,2020-07-15 23:59:59,9192.83736784
1471,2020-07-16 23:59:59,9132.22786293
1472,2020-07-17 23:59:59,9151.39223963
1473,2020-07-18 23:59:59,9159.03990531
1474,2020-07-19 23:59:59,9185.81691242
1475,2020-07-20 23:59:59,9164.2313647
1476,2020-07-21 23:59:59,9374.88752808
1477,2020-07-22 23:59:59,9525.36344997
1478,2020-07-23 23:59:59,9581.07201141
1479,2020-07-24 23:59:59,9536.89268563
1480,2020-07-25 23:59:59,9677.11349729
1481,2020-07-26 23:59:59,9905.16724705
1482,2020-07-27 23:59:59,10990.8733998
1483,2020-07-28 23:59:59,10912.8230505
1484,2020-07-29 23:59:59,11100.4681253
1485,2020-07-30 23:59:59,11111.2142899
1486,2020-07-31 23:59:59,11323.4664207
1487,2020-08-01 23:59:59,11759.5927707
1488,2020-08-02 23:59:59,11053.613901
1489,2020-08-03 23:59:59,11246.3487749
1490,2020-08-04 23:59:59,11205.8929179
1491,2020-08-05 23:59:59,11747.0228312
1492,2020-08-06 23:59:59,11779.7732574
1493,2020-08-07 23:59:59,11601.4727146
1494,2020-08-08 23:59:59,11754.0458135
1495,2020-08-09 23:59:59,11675.7393433
1496,2020-08-10 23:59:59,11878.1113253
1497,2020-08-11 23:59:59,11410.5256775
1498,2020-08-12 23:59:59,11584.9345762
1499,2020-08-13 23:59:59,11784.1373895
1500,2020-08-14 23:59:59,11768.8706193
1501,2020-08-15 23:59:59,11865.69857
1502,2020-08-16 23:59:59,11892.8040631
1503,2020-08-17 23:59:59,12254.4019083
1504,2020-08-18 23:59:59,11991.2332456
1505,2020-08-19 23:59:59,11758.2835921
1506,2020-08-20 23:59:59,11878.3716211
1507,2020-08-21 23:59:59,11592.4890449
1508,2020-08-22 23:59:59,11681.8255623
1509,2020-08-23 23:59:59,11664.8479948
1510,2020-08-24 23:59:59,11774.5958414
1511,2020-08-25 23:59:59,11366.1350817
1512,2020-08-26 23:59:59,11488.3634896
1513,2020-08-27 23:59:59,11323.3970324
1514,2020-08-28 23:59:59,11542.4997333
1515,2020-08-29 23:59:59,11506.8653177
1516,2020-08-30 23:59:59,11711.506161
1517,2020-08-31 23:59:59,11680.8204905
1518,2020-09-01 23:59:59,11970.4787405
1519,2020-09-02 23:59:59,11414.0337325
1520,2020-09-03 23:59:59,10245.296686
1521,2020-09-04 23:59:59,10511.8138807
1522,2020-09-05 23:59:59,10169.567221
1523,2020-09-06 23:59:59,10280.3517032
1524,2020-09-07 23:59:59,10369.5637386
1525,2020-09-08 23:59:59,10131.5166457
1526,2020-09-09 23:59:59,10242.3477803
1527,2020-09-10 23:59:59,10363.1390401
1528,2020-09-11 23:59:59,10400.9146854
1529,2020-09-12 23:59:59,10442.1706031
1530,2020-09-13 23:59:59,10323.7557975
1531,2020-09-14 23:59:59,10680.8374328
1532,2020-09-15 23:59:59,10796.9509861
1533,2020-09-16 23:59:59,10974.9048915
1534,2020-09-17 23:59:59,10948.9899152
1535,2020-09-18 23:59:59,10944.5858045
1536,2020-09-19 23:59:59,11094.3462761
1537,2020-09-20 23:59:59,10938.2712894
1538,2020-09-21 23:59:59,10462.2596185
1539,2020-09-22 23:59:59,10538.4603213
1540,2020-09-23 23:59:59,10246.18649281
1541,2020-09-24 23:59:59,10760.06625677
1542,2020-09-25 23:59:59,10692.71721234
1543,2020-09-26 23:59:59,10750.72357903
1544,2020-09-27 23:59:59,10775.26937624
1545,2020-09-28 23:59:59,10709.65218175
1546,2020-09-29 23:59:59,10844.64098118
1547,2020-09-30 23:59:59,10784.49157795
1548,2020-10-01 23:59:59,10619.45190766
1549,2020-10-02 23:59:59,10575.97504191
1550,2020-10-03 23:59:59,10549.32889962
1551,2020-10-04 23:59:59,10669.58254327
1552,2020-10-05 23:59:59,10793.33942751
1553,2020-10-06 23:59:59,10604.40588882
1554,2020-10-07 23:59:59,10668.96895539
1555,2020-10-08 23:59:59,10915.68573098
1556,2020-10-09 23:59:59,11064.45759247
1557,2020-10-10 23:59:59,11296.3614282
1558,2020-10-11 23:59:59,11384.1819535
1559,2020-10-12 23:59:59,11555.3628878
1560,2020-10-13 23:59:59,11425.8994007
1561,2020-10-14 23:59:59,11429.50688675
1562,2020-10-15 23:59:59,11495.34965037
1563,2020-10-16 23:59:59,11322.12268618
1564,2020-10-17 23:59:59,11358.10156733
1565,2020-10-18 23:59:59,11483.35971184
1566,2020-10-19 23:59:59,11742.03715033
1567,2020-10-20 23:59:59,11916.33514058
1568,2020-10-21 23:59:59,12823.68918938
1569,2020-10-22 23:59:59,12965.89129043
1570,2020-10-23 23:59:59,12931.53902256
1571,2020-10-24 23:59:59,13108.06261161
1572,2020-10-25 23:59:59,13031.17431056
1573,2020-10-26 23:59:59,13075.24769656
1574,2020-10-27 23:59:59,13654.21844012
1575,2020-10-28 23:59:59,13271.28536861
1576,2020-10-29 23:59:59,13437.8832414
1577,2020-10-30 23:59:59,13546.52226938
1578,2020-10-31 23:59:59,13780.99470249
1579,2020-11-01 23:59:59,13737.10982864
1580,2020-11-02 23:59:59,13550.4893841
1581,2020-11-03 23:59:59,13950.30084729
1582,2020-11-04 23:59:59,14133.70715301
1583,2020-11-05 23:59:59,15579.84846029
1584,2020-11-06 23:59:59,15565.88058083
1585,2020-11-07 23:59:59,14833.7541075
1586,2020-11-08 23:59:59,15479.56703842
1587,2020-11-09 23:59:59,15332.31559743
1588,2020-11-10 23:59:59,15290.90268148
1589,2020-11-11 23:59:59,15701.33973237
1590,2020-11-12 23:59:59,16276.34394919
1591,2020-11-13 23:59:59,16317.80819009
1592,2020-11-14 23:59:59,16068.13870685
1593,2020-11-15 23:59:59,15955.58743887
1594,2020-11-16 23:59:59,16716.11132377
1595,2020-11-17 23:59:59,17645.40576746
1596,2020-11-18 23:59:59,17804.00563217
1597,2020-11-19 23:59:59,17817.09024754
1598,2020-11-20 23:59:59,18621.31436938
1599,2020-11-21 23:59:59,18642.23276593
1600,2020-11-22 23:59:59,18370.00252365
1601,2020-11-23 23:59:59,18364.12159134
1602,2020-11-24 23:59:59,19107.46444977
1603,2020-11-25 23:59:59,18732.1207774
1604,2020-11-26 23:59:59,17150.62357809
1605,2020-11-27 23:59:59,17108.40172774
1606,2020-11-28 23:59:59,17717.4150112
1607,2020-11-29 23:59:59,18177.48341979
1608,2020-11-30 23:59:59,19625.83502949
1609,2020-12-01 23:59:59,18802.99829969
1610,2020-12-02 23:59:59,19201.09115697
1611,2020-12-03 23:59:59,19445.39847988
1612,2020-12-04 23:59:59,18699.76561337
1613,2020-12-05 23:59:59,19154.231131
1614,2020-12-06 23:59:59,19345.12095871
1615,2020-12-07 23:59:59,19191.63128698
1616,2020-12-08 23:59:59,18321.14491611
1617,2020-12-09 23:59:59,18553.91537685
1618,2020-12-10 23:59:59,18264.99210672
1619,2020-12-11 23:59:59,18058.90334725
1620,2020-12-12 23:59:59,18803.65687045
1621,2020-12-13 23:59:59,19142.3825335
1622,2020-12-14 23:59:59,19246.64434137
1623,2020-12-15 23:59:59,19417.07603342
1624,2020-12-16 23:59:59,21310.59813054
1625,2020-12-17 23:59:59,22805.16149213
1626,2020-12-18 23:59:59,23137.96056165
1627,2020-12-19 23:59:59,23869.83196434
1628,2020-12-20 23:59:59,23477.29519711
1629,2020-12-21 23:59:59,22803.0814087
1630,2020-12-22 23:59:59,23783.02850288
1631,2020-12-23 23:59:59,23241.34486501
1632,2020-12-24 23:59:59,23735.94972763
1633,2020-12-25 23:59:59,24664.79027412
1634,2020-12-26 23:59:59,26437.0375091
1635,2020-12-27 23:59:59,26272.29456706
1636,2020-12-28 23:59:59,27084.80788628
1637,2020-12-29 23:59:59,27362.4365573
1638,2020-12-30 23:59:59,28840.95341968
1639,2020-12-31 23:59:59,29001.71982218
1640,2021-01-01 23:59:59,29374.15188907
1641,2021-01-02 23:59:59,32127.26793922
1642,2021-01-03 23:59:59,32782.02446581
1643,2021-01-04 23:59:59,31971.91352155
1644,2021-01-05 23:59:59,33992.42934365
1645,2021-01-06 23:59:59,36824.36441009
1646,2021-01-07 23:59:59,39371.04235311
1647,2021-01-08 23:59:59,40797.61071993
1648,2021-01-09 23:59:59,40254.54649816
1649,2021-01-10 23:59:59,38356.43950662
1650,2021-01-11 23:59:59,35566.65594049
1651,2021-01-12 23:59:59,33922.9605815
1652,2021-01-13 23:59:59,37316.35939997
1653,2021-01-14 23:59:59,39187.32812109
1654,2021-01-15 23:59:59,36825.36585131
1655,2021-01-16 23:59:59,36178.13890106
1656,2021-01-17 23:59:59,35791.27792129
1657,2021-01-18 23:59:59,36630.07568284
1658,2021-01-19 23:59:59,36069.80639361
1659,2021-01-20 23:59:59,35547.7508855
1660,2021-01-21 23:59:59,30825.69850603
1661,2021-01-22 23:59:59,33005.76356216
1662,2021-01-23 23:59:59,32067.64288212
1663,2021-01-24 23:59:59,32289.37808687
1664,2021-01-25 23:59:59,32366.39304887
1665,2021-01-26 23:59:59,32569.84955679
1666,2021-01-27 23:59:59,30432.54707881
1667,2021-01-28 23:59:59,33466.09635821
1668,2021-01-29 23:59:59,34316.38765032
1669,2021-01-30 23:59:59,34269.52154165
1670,2021-01-31 23:59:59,33114.35774753
1671,2021-02-01 23:59:59,33537.1768196
1672,2021-02-02 23:59:59,35510.28903716
1673,2021-02-03 23:59:59,37472.09010368
1674,2021-02-04 23:59:59,36926.06446515
1675,2021-02-05 23:59:59,38144.30686267
1676,2021-02-06 23:59:59,39266.01073494
1677,2021-02-07 23:59:59,38903.44147971
1678,2021-02-08 23:59:59,46196.46371944
1679,2021-02-09 23:59:59,46481.10423596
1680,2021-02-10 23:59:59,44918.18449192
1681,2021-02-11 23:59:59,47909.33119483
1682,2021-02-12 23:59:59,47504.85118326
1683,2021-02-13 23:59:59,47105.51747252
1684,2021-02-14 23:59:59,48717.2902111
1685,2021-02-15 23:59:59,47945.05683234
1686,2021-02-16 23:59:59,49199.87134362
1687,2021-02-17 23:59:59,52149.00753587
1688,2021-02-18 23:59:59,51679.79669449
1689,2021-02-19 23:59:59,55888.13368221
1690,2021-02-20 23:59:59,56099.52051348
1691,2021-02-21 23:59:59,57539.9436679
1692,2021-02-22 23:59:59,54207.31906543
1693,2021-02-23 23:59:59,48824.42686909
1694,2021-02-24 23:59:59,49705.33331637
1695,2021-02-25 23:59:59,47093.85301914
1696,2021-02-26 23:59:59,46339.76008289
1697,2021-02-27 23:59:59,46188.45127539
1698,2021-02-28 23:59:59,45137.77046805
1699,2021-03-01 23:59:59,49631.24137077
1700,2021-03-02 23:59:59,48378.98805435
1701,2021-03-03 23:59:59,50538.24341445
1702,2021-03-04 23:59:59,48561.1661539
1703,2021-03-05 23:59:59,48927.3045548
1704,2021-03-06 23:59:59,48912.38173056
1705,2021-03-07 23:59:59,51206.69295308
1706,2021-03-08 23:59:59,52246.52230995
1707,2021-03-09 23:59:59,54824.11781138
1708,2021-03-10 23:59:59,56008.54940114
1709,2021-03-11 23:59:59,57805.12301924
1710,2021-03-12 23:59:59,57332.08896391
1711,2021-03-13 23:59:59,61243.08476552
1712,2021-03-14 23:59:59,59302.31697742
1713,2021-03-15 23:59:59,55907.20022619
1714,2021-03-16 23:59:59,56804.90123161
1715,2021-03-17 23:59:59,58870.89333325
1716,2021-03-18 23:59:59,57858.92070527
1717,2021-03-19 23:59:59,58346.65297359
1718,2021-03-20 23:59:59,58313.64260857
1719,2021-03-21 23:59:59,57523.42098673
1720,2021-03-22 23:59:59,54529.14561107
1721,2021-03-23 23:59:59,54738.94493032
1722,2021-03-24 23:59:59,52774.26369049
1723,2021-03-25 23:59:59,51704.1619252
1724,2021-03-26 23:59:59,55137.31372578
1725,2021-03-27 23:59:59,55973.51084173
1726,2021-03-28 23:59:59,55950.7457745
1727,2021-03-29 23:59:59,57750.19987147
1728,2021-03-30 23:59:59,58917.6930451
1729,2021-03-31 23:59:59,58918.83271375
1730,2021-04-01 23:59:59,59095.80797806
1731,2021-04-02 23:59:59,59384.3133586
1732,2021-04-03 23:59:59,57603.88917376
1733,2021-04-04 23:59:59,58758.55629127
1734,2021-04-05 23:59:59,59057.87896588
1735,2021-04-06 23:59:59,58192.35868406
1736,2021-04-07 23:59:59,56048.93781271
1737,2021-04-08 23:59:59,58323.95357975
1738,2021-04-09 23:59:59,58245.00300108
1739,2021-04-10 23:59:59,59793.23541009
1740,2021-04-11 23:59:59,60204.96491379
1741,2021-04-12 23:59:59,59893.45188869
1742,2021-04-13 23:59:59,63503.45793019
1743,2021-04-14 23:59:59,63109.69593464
1744,2021-04-15 23:59:59,63314.01084504
1745,2021-04-16 23:59:59,61572.78960116
1746,2021-04-17 23:59:59,60683.82123331
1747,2021-04-18 23:59:59,56216.18500243
1748,2021-04-19 23:59:59,55724.26709807
1749,2021-04-20 23:59:59,56473.0322808
1750,2021-04-21 23:59:59,53906.08804584
1751,2021-04-22 23:59:59,51762.27205146
1752,2021-04-23 23:59:59,51093.65070999
1753,2021-04-24 23:59:59,50050.86821565
1754,2021-04-25 23:59:59,49004.25326318
1755,2021-04-26 23:59:59,54021.75478737
1756,2021-04-27 23:59:59,55033.11801332
1757,2021-04-28 23:59:59,54824.70489507
1758,2021-04-29 23:59:59,53555.10849133
1759,2021-04-30 23:59:59,57750.17734563
1760,2021-05-01 23:59:59,57828.05063222
1761,2021-05-02 23:59:59,56631.07741255
1762,2021-05-03 23:59:59,57200.29122289
1763,2021-05-04 23:59:59,53333.53775274
1764,2021-05-05 23:59:59,57424.00594813
1765,2021-05-06 23:59:59,56396.51416376
1766,2021-05-07 23:59:59,57356.40187692
1767,2021-05-08 23:59:59,58803.77580865
1768,2021-05-09 23:59:59,58232.3161419
1769,2021-05-10 23:59:59,55859.79754454
1770,2021-05-11 23:59:59,56704.5730585
1771,2021-05-12 23:59:59,49150.53387514
1772,2021-05-13 23:59:59,49716.19160254
1773,2021-05-14 23:59:59,49880.53342038
1774,2021-05-15 23:59:59,46760.18656071
1775,2021-05-16 23:59:59,46456.05847448
1776,2021-05-17 23:59:59,43537.51138918
1777,2021-05-18 23:59:59,42909.40092517
1778,2021-05-19 23:59:59,37002.4404659
1779,2021-05-20 23:59:59,40782.73826245
1780,2021-05-21 23:59:59,37304.69067136
1781,2021-05-22 23:59:59,37536.63111241
1782,2021-05-23 23:59:59,34770.58362292
1783,2021-05-24 23:59:59,38705.97863723
1784,2021-05-25 23:59:59,38402.22385137
1785,2021-05-26 23:59:59,39294.19738214
1786,2021-05-27 23:59:59,38436.96853505
1787,2021-05-28 23:59:59,35697.60639024
1788,2021-05-29 23:59:59,34616.06800347
1789,2021-05-30 23:59:59,35678.12920411
1790,2021-05-31 23:59:59,37332.85368874
1791,2021-06-01 23:59:59,36684.92451667
1792,2021-06-02 23:59:59,37575.17957566
1793,2021-06-03 23:59:59,39208.76599489
1794,2021-06-04 23:59:59,36894.40532994
1795,2021-06-05 23:59:59,35551.95872588
1796,2021-06-06 23:59:59,35862.37772747
1797,2021-06-07 23:59:59,33560.70783776
1798,2021-06-08 23:59:59,33472.63174808
1799,2021-06-09 23:59:59,37345.12148619
1800,2021-06-10 23:59:59,36702.59937466
1801,2021-06-11 23:59:59,37334.39952553
1802,2021-06-12 23:59:59,35552.51714847
1803,2021-06-13 23:59:59,39097.86089667
1804,2021-06-14 23:59:59,40218.47785943
1805,2021-06-15 23:59:59,40406.26898673
1806,2021-06-16 23:59:59,38347.06322666
1807,2021-06-17 23:59:59,38053.50417253
1808,2021-06-18 23:59:59,35787.24478177
1809,2021-06-19 23:59:59,35615.86927002
1810,2021-06-20 23:59:59,35698.29644336
1811,2021-06-21 23:59:59,31676.69373254
1812,2021-06-22 23:59:59,32505.6598245
1813,2021-06-23 23:59:59,33723.0289781
1814,2021-06-24 23:59:59,34662.43589358
1815,2021-06-25 23:59:59,31637.78005541
1816,2021-06-26 23:59:59,32186.27767093
1817,2021-06-27 23:59:59,34649.64458753
1818,2021-06-28 23:59:59,34434.33531428
1819,2021-06-29 23:59:59,35867.77773549
1820,2021-06-30 23:59:59,35040.83724889
1821,2021-07-01 23:59:59,33572.11765253
1822,2021-07-02 23:59:59,33897.04858963
1823,2021-07-03 23:59:59,34668.54840182
1824,2021-07-04 23:59:59,35287.77976616
1825,2021-07-05 23:59:59,33746.00245614
